english,hebrew
Dead Sea,ים המלח
Dutch,הולנדי
Earth,כדור הארץ
East,מזרח
Equator,קו המשווה
Gulf War,מלחמת המפרץ
If,אם
Jew,יהודי
Mediterranean,ים תיכוני
North,צפון
South,דרום
West,מערב
abacus,חשבונייה
abandon,"לנטוש, לזנוח"
abduct,"חטיפה, לחטוף"
abhor,"לשנוא, לתעב"
abide,לציית
ability,יכולת
able,"יכול, מסוגל"
about,אודות
about,"ליד, בערך"
above,מעל
above all,מעל לכל
abroad,"חו""ל"
abrupt,פתאומי
absence,מחסור
absent,"חסר, לא נוכח"
absolute,מוחלט
absolutely,לחלוטין
absorb,לספוג
abstain,"להתנזר, להימנע ממשהו"
absurd,"מגוחך, לא סביר"
abundance,שפע
abuse,"התעללות, ניצול"
abuse,"להתעלל, לנצל"
academic,אקדמי
accelerate,להאיץ
accentuate,"להבליט, להדגיש"
accept,לקבל
acceptable,מקובל
acceptance,הסכמה
accessible,"נגיש, זמין"
accident,תאונה
acclaim,"להריע, לשבח"
accommodate,"לאכסן, לשכן"
accompany,ללוות
accomplices,שותף לדבר עבירה
accomplish,"להשלים, להשיג"
accomplished,"מומחה, מעולה"
accomplishment,הישג
according,לפי
accordingly,בהתאם
account,חשבון
account  -,"להתחשב ב- , להתייחס ל"
accumulate,"לצבור, לאסוף"
accuracy,דיוק
accurate,מדויק
accusation,האשמה
accustomed,מורגל
achieve,להשיג
acknowledge,"להכיר, לדעת"
acquire,"לרכוש, להשיג"
acquisition,רכישה
acquitted,זוכה מאשמה
across,"בצד השני, לרוחב"
activate,להפעיל
active,פעיל
activist,"פעיל, אקטיביסט"
actor,שחקן
actual,ממשי
actually,למעשה
adapt,להסתגל
adapt,להתאים
adapt,לעבד
addition,"תוספת, הוספה"
additionally,בנוסף
address,כתובת
address,"לפנות, לטפל"
adequate,הולם
adhere  -,"לדבוק ב- , לדגול ב"
adjacent to,ליד
adjust,להתרגל
adjust,לכוונן
administer,"לנהל, לפקח"
administer,"לתת, לחלק"
administration,מנהל
admirable,"נערץ, ראוי להערצה"
admire,להעריץ
admit,להודות
admit,"להכניס, לקבל לתוך קבוצה"
adolescence,גיל ההתבגרות
adopt,לאמץ
adore,"העריץ, אהב"
adorn,לקשט
adult,מבוגר
adulthood,בגרות
advance,מתקדם
advancement,התקדמות
advancement,מקדמה
advantage,יתרון
adventure,הרפתקה
adverse,שלילי
advertise,פרסום
advertisement,"מודעה, פרסום"
advice,עצה
advise,לייעץ
advisor,יועץ
advocate,לייעץ
advocate,פרקליט
aesthetic,אסתטיקה
affect,להשפיע
affection,חיבה
affinity,"זיקה, קירבה"
affinity,משיכה
affluence,שפע
affluent,"שופע, עשיר"
afford,יכל לעמוד בהוצאות
afraid,מפחד
after,אחרי
after all,אחרי הכל
afterwards,לאחר מכן
again,שוב
against,"כנגד, ממול"
agency,סוכנות
agenda,סדר יום
aggressive,"תוקפני, אלים"
agitate,"להסעיר, לזעזע, לעצבן"
agonize,"לענות, לייסר"
agony,ייסורים
agree,להסכים
agreement,הסכם
agriculture,חקלאות
ahead of,"לפני, לפנים"
aid,"עזרה, לסייע"
aim,"לכוון, מטרה"
air conditioner,מזגן
airborne,נישא באוויר
airline,חברת תעופה
airplane,"אווירון, מטוס"
aisle,מעבר
alarm,אזעקה
alarm,"דאגה, להדאיג"
albeit,אף על פי
algae,אצות
alien,חייזר
alienation,"ניכור, הרחקה"
align,להסתדר בשורה
alike,דומה
alive,חי
all in all,בסך הכל
allergic,אלרגי
allocate,להקצות
allow,להרשות
allowance,"דמי כיס, הקצבה"
allusion,"אזכור, רמיזה"
almost,כמעט
alone,לבד
along,לאורך
along with,יחד עם
alongside,"לצד, במקביל"
also,גם
alter,"שינה , לשנות"
alterations,שינויים
alternate,"התחלף, עבר מדבר אחד לשני וחזרה"
alternate,חלופי
alternately,לסירוגין
although  -,למרות ש
altogether,בסך הכל
altogether,לגמרי
always,תמיד
amass,"לצבור, לערום"
amateur,חובבן
amaze,להדהים
ambassador,שגריר
ambiguous,"דו משמעי, לא לגמרי ברור"
amend,"תיקון, שינוי לטובה"
amid,"בקרב, בין"
among,"בקרב, בין"
amount,כמות
ample,"מספיק, שופע, גדול"
amputation,קטיעה
amusement,שעשוע
analogy,"אנלוגיה, הקבלה"
analyze,לנתח
ancestor,אב קדמון
ancestry,מוצא
anchor,עוגן
ancient,"קדום, עתיק"
anesthesia,הרדמה
anger,"כעס, להכעיס"
angry,כועס
animal,חיה
annihilate,להשמיד
announcement,הכרזה
annoy,להציק
annually,שנתי
another,אחר
another,נוסף
answer,תשובה
anticipate,לצפות
antique,"עתיק, ענתיקה"
antler,קרן
anxious,חרד
anxious,להוט
apart,בנפרד
apathetic,אדיש
apathy,"אפאתיה, אדישות"
apology,התנצלות
apparatus,מנגנון
apparent,גלוי
apparently,כנראה
appeal,לבקש
appeal,לערער
appeal,"מדבר אל, מושך"
appear,להופיע
appear  -,נראה ש
appearance,"מראה, הופעה"
appease,לפייס
appetite,"תיאבון, רצון עז"
applaud,"מחא כפיים, הריע"
applicant,מועמד
apply,לפנות
appoint,למנות
appraise,"להעריך )שווי(, לאמוד"
appreciate,עליה בערך
appreciation,הערכה
approach,גישה
appropriate,מתאים
appropriately,בהתאם
approve,לאשר
approximately,"בערך, בקירוב"
arable,מתאים לעיבוד
architect,ארכיטקט
architecture,"אדריכלות, ארכיטקטורה"
area,"אזור, תחום"
argue,להתווכח
argument,ויכוח
arise,"להופיע, לעלות"
aristocrat,"אציל, אריסטוקרט"
ark,תיבה
arm,זרוע
arm,לחמש
army,צבא
around,בערך
around,מסביב
arousing,מעורר
arrange,לסדר
arrest,"מעצר, לעצור"
arrive,להגיע
arrogant,"יהיר, שחצן"
art,אמנות
article,מאמר
article,פריט
articulate,להביע
articulate,רהוט
artifact,"חפץ, פריט אומנות"
artificial,מלאכותי
artist,אמן
artistic,אמנותי
as,כמו
as  -,"כאשר, כש"
as a result,כתוצאה
as far as  -,"לגבי, בכל הנוגע ל"
as if,כאילו
as long as,כל עוד
as proof of  -,כהוכחה ל
as soon as  -,"כאשר, ברגע ש"
as well as,כמו גם
ascertain,לוודא
aside,"במאמר מוסגר, מלבד"
aside,הצידה
aside from  -,חוץ מ
ask,לשאול
asked for,ביקש
aspiration,"שאיפה, חלום"
assemble,"להרכיב, להתאסף"
assess,"להעריך, לאמוד"
asset,נכס
assign,"למנות, להקצות"
assignment,"משימה, מטלה"
assist,"לעזור, לסייע"
associate,לקשר
association,איגוד
association,אסוציאציה
assume,להניח
assumption,הנחה
astonishment,"תדהמה, השתאות"
astound,להדהים
astronomy,אסטרונומיה
at  -,"אצל, ב"
at first,בהתחלה
at last,סוף סוף
at least,לפחות
at your disposal,לרשותך
athlete,"ספורטאי, אתלט"
atrocity,זוועה
attach,"לחבר, ליחס"
attack,"לתקוף, מתקפה"
attain,"להשיג, להגיע"
attempt,ניסיון
attend,"להשתתף, להיות נוכח"
attendant,"משרת, מטפל, מלווה"
attention,תשומת לב
attire,לבוש
attitude,גישה
attorney,עורך- דין
attract,למשוך
attraction,משיכה
attractive,"נאה, מושך"
attribute,"לייחס, לקשר"
attribute,"תכונה, מאפיין"
auction,מכירה פומבית
audience,קהל
audit,ביקורת
augment,להרחיב
aura,הילה
authentic,"מקורי, אותנטי"
author,"סופר, מחבר"
authority,סמכות
authorize,"להרשות, להסמיך"
autograph,חתימה
automobile,"כלי רכב, אוטו"
autumn,סתיו
availability,זמינות
available,זמין
average,"ממוצע, רגיל"
avert,"להסיט, להפנות, למנוע"
avoid,"להתחמק, להימנע"
await,להמתין
awake,"ער, להתעורר"
award,"פרס, להעניק פרס"
aware,מודע
awareness,מודעות
awe,יראת כבוד
awkward,מגושם
awkward,"מוזר, מביך"
background,רקע
backward,לאחור
bacteria,חיידקים
badly,"נואשות, קשות"
baffled,מבולבל
baggage,"מטען, מזוודה"
bail,"ערבות, לשחרר בערבות"
baker,אופה
balance,"איזון, לאזן"
balance,שיווי משקל
bald,קרח
ban,"חרם, איסור"
band,להקה
band,"לחבוש, תחבושת, רצועה"
bandage,תחבושת
bank,בנק
bank,גדה
bank,לערום
bare,"חשוף, ריק, לחשוף"
barely,בקושי
bargain,להתמקח
bargain,"מציאה, עסקה"
barn,אסם
barrier,מחסום
base,בסיס
based on,מבוסס על
bashful,ביישן
basin,"אגן, כיור"
bat,מחבט
bat,עטלף
bath,"אמבטיה, להתרחץ"
battle,"מאבק, להיאבק"
beach,חוף ים
bead,חרוז
beak,מקור
bear,דוב
bear,"לסבול, לשאת"
beard,זקן
beast,"חיה, מפלצת"
beat,"מכה, להכות"
beat,מקצב
beauty,יופי
because,בגלל
because of,בגלל
bedroom,חדר שינה
bee,דבורה
before,לפני
before,"לפני, מול"
beg,להתחנן
beginning,התחלה
behave,להתנהג
behavior,התנהגות
behind,ישבן
behind,מאחורי
being that  -,מכיוון ש
belief,אמונה
bell,פעמון
belong,שייך
below,מתחת
bend,לכופף
beneath,מתחת
benefactors,"נדבנים, תורמים"
beneficial,"מועיל, רווחי"
bent,כופף
berry,גרגרי יער
beside,ליד
besides,בכל מקרה
besides,בנוסף על
besides  -,"מלבד, חוץ מ"
best,הכי טוב
best-seller,רב- מכר
betray,לבגוד
better,טוב יותר
between,בין
beware,היזהר
beyond,מעבר
biblical,"תנ""כי"
bicycle,אופניים
birth,לידה
bite,"לנשוך, נשיכה"
bizarre,מוזר
blade,להב
blame,להאשים
bland,תפל
blank,"ריק, רווח"
blanket,שמיכה
bleak,עגום
blend,לערבב
blew,"נשב )רוח(, ניפח, פוצץ"
blind,עיוור
blink,למצמץ
block,חסימה
block,"לבנה, גוש, חלק"
blood,דם
blood vessel,כלי דם
blur,"טשטוש, לטשטש"
boat,סירה
body,"גוויה, גוף"
boil,להרתיח
bold,"אמיץ, חצוף"
bold,מודגש
bolster,לתמוך
bond,קשר
bone,עצם
boost,"דחף, המריץ"
boot,מגף
border,גבול
bore,"לשעמם, שעמום"
boring,משעמם
borrow,להשאיל
botanist,בוטנאי
both,שניהם
bottle,בקבוק
bottom,ישבן
bottom,תחתית
bought,קנה
bounce,"לקפץ, ניתור"
boundary,גבול
brain,"מוח, שכל"
brainwash,לשטוף את המח
branch,"ענף, סניף"
brave,אמיץ
bread,לחם
break,לשבור
breathe,לנשום
breed,"להרביע, להפרות"
breed,"מין, גזע"
brick,לבנה
bridge,"גשר, לגשר"
brief,"תדריך, תקציר"
briefly,בקצרה
bright,"בהיר, ברור"
brilliant,מבריק
broad,נרחב
broadcast,לשדר
broaden,להרחיב
budget,"תקציב, לתקצב"
build,לבנות
build,מבנה
building,בניין
built,לבנות
bullet,קליע
bully,בריון
burden,עול
burglar,פורץ
burn,"לשרוף, להישרף"
bury,לקבור
bush,ערבה
bush,שיח
but,"אך, אבל"
but  -,"מלבד, חוץ מ"
butcher,לשחוט
butcher,קצב
butterfly,פרפר
by,"באמצעות, על- ידי"
by  -,"ליד, בסמוך ל"
by  -,"עד, לא יאוחר מ"
by no means,"ללא ספק, בשום אופן"
by now,עד עתה
cabin,בקתה
cable,כבל
cadaver,גופה
cage,"כלוב, לכלוא"
calculate,לחשב
calculator,מחשבון
call,"לקרוא, להתקשר"
camel,גמל
camera,מצלמה
campaign,"מערכה, מסע"
canal,תעלה
cancel,לבטל
candid,"כנה, ישיר"
candidate,מועמד
candy,ממתק
canvass,"לבדוק, לסקור"
capable,"מסוגל, יכול"
capacity,"יכולת, סמכות, תפקיד"
capacity,קיבולת
capital,אות גדולה
capital,הון
capital,עיר בירה
capital,"ראשי, משמעותי"
capital punishment,עונש מוות
capitalize,לנצל
capture,ללכוד
care,"לדאוג, לטפל"
care,לחבב
carefully,בזהירות
careless,"לא זהיר, רשלני"
cargo,מטען
carpet,שטיח
carry,לסחוב
carve,לחרוט
case,"מקרה, טיעון"
case,תיבה
cash,לפדות
cash,מזומן
cashier,קופאי
casino,קזינו
cast,"להשליך, לגרש"
cast,צוות שחקנים
caste,מעמד חברתי
castle,טירה
casual,"אגבי, רגיל, יומיומי"
catalogue,"קטלוג, רשימת פריטים"
categorize,"לקטלג, למיין, לסווג"
cater,לספק
caterpillar,זחל
cathedral,קתדרלה
cattle,בקר
cause,"גורם, סיבה"
cause,מטרה
cautious,זהיר
cave,מערה
caviar,קוויאר
cavity,חור
celebrate,לחגוג
cell,תא
cemetery,בית קברות
center,מרכז
central,מרכזי
century,מאה שנים
cereal,דגני בוקר
ceremony,"טקס, מסכת"
certain,בטוח
certain,מסוים
certainly,"בהחלט, בוודאי"
certainty,וודאות
certify,"להצהיר, לאשר"
challenge,אתגר
challenge,לאתגר
chance,סיכוי
change,עודף
change,"שינוי, לשנות"
chapter,פרק
character,אופי
character,"אות, תו"
character,דמות
characteristic,מאפיין
characterize,לאפיין
charge,לגבות
charge,להאשים
charge,להסתער
charge,לחייב
chariot,מרכבה
charity,צדקה
charm,קסם
chart,"גיליון, תרשים"
chase,"לרדוף, מרדף"
cheap,זול
cheat,"לרמות, לבגוד"
check,לבדוק
cheer,לעודד
cheerful,"עליז, שמח"
chemical,"כימיקל, כימי"
chief,צ'יף
chief,"ראשי, בכיר, מנהיג"
chiefly,בעיקר
child,ילד
childhood,ילדות
children,ילדים
choice,בחירה
choose,לבחור
church,כנסיה
cigarette,סיגריה
circle,להקיף בעיגול
circle,מעגל
circuit,"מסלול, להקיף"
circuit,מעגל חשמלי
circulate,להפיץ
circulate,לנוע במחזוריות
circumstance,"מצב, תנאי, נסיבות"
citizen,אזרחים
citrus,פרי הדר
civil,אדיב
civil,אזרחי
claim,"טענה, טוען"
claim,תביעה
clarify,להבהיר
clash,התנגשות
class,כיתה
class,מעמד
class,סוג
classify,"לסווג, מסווג"
clay,חימר
clean,"נקי, לנקות"
clever,פיקח
cliff,צוק
climate,אקלים
climb,לטפס
cloak,"מסווה, להסוות"
clock,שעון
close,"סגור, לסגור"
close,קרוב
cloth,"בגד, בד"
cloud,ענן
club,מועדון
coach,"מאמן, לאמן, להדריך"
coal,פחם
coast,חוף
coastline,קו/רצועת חוף
coat,מעיל
cockroach,"מקק, ג'וק"
code,קוד
coexist,להתקיים בשותפות
coexistence,דו- קיום
coffin,ארון מתים
coin,מטבע
coincide,"להקביל, לחפוף"
cold,"קר, התקררות"
collaborate,לשתף פעולה
collapse,להתמוטט
colleague,"עמית, קולגה"
collect,לאסוף
collide,להתנגש
collision,התנגשות
colonial,קולוניאלי
colony,מושבה
color,לצבוע
color,צבע
colossal,עצום
column,טור
column,עמוד
coma,תרדמת
combat,לתקוף
combat,קרב
combine,"לצרף, לשלב"
comfort,נחמה
comfortable,נוח
command,"פקודה, לפקוד"
commence,להתחיל
commendably,באופן ראוי לשבח
commends,לציין לשבח
commentary,פרשנות
commerce,מסחר
commercial,מסחרי
commercial,סרטון פרסומת
commit,ביצוע/ לבצע
commit,להתחייב
committee,ועדה
common,"נפוץ, משותף"
communal,"משותף, ציבורי"
communicate,לתקשר
community,קהילה
commute,"להחליף, להמיר"
commute,לנסוע בקביעות לעבודה
companion,בן- זוג
company,חברה
comparable,בר- השוואה
comparatively,באופן יחסי
compare,להשוות
comparison,השוואה
compatible,"מתאים, ראוי"
compel,"לאלץ, לחייב"
compensate,לפצות
compete,"להתחרות, להתמודד"
competition,תחרות
compile,"לאסוף, לקבץ"
complain,להתלונן
complete,כולל
complete,להשלים
complex,מסובך
complication,סיבוך
comply,"להסכים, לציית"
components,"חלקים, מרכיבים"
composed,הלחין
compost,זבל אורגני
comprehend,להבין
comprehension,הבנה
compress,לדחוס
comprise,לכלול
compromise,להתפשר
compulsory,מהווה חובה
conceal,להסתיר
conceive,להרהר
conceive,לעבר
concentrate,להתרכז
concept,"רעיון, מושג"
conception,תפיסה
concern,"דאגה, עניין"
concerted,מתואם
concise,"תמציתי, תכליתי"
conclude,להסיק
conclude,לסיים
conclusion,מסקנה
conclusively,"סופית, באופן החלטי"
concrete,בטון
concrete,"קונקרטי, מוחשי"
concur,להסכים
concurrence,להתרחש בו זמנית
condemned,לגנות
condemned  -,נידון ל
condense,לדחוס
condition,"להכשיר, להתאים"
condition,"תנאי, מצב, מעמד"
condone,"לסלוח, למחול"
conduct,"לנהל, לקיים"
confer,"להעניק, להסביר"
confer,להתייעץ
conference,ועידה
confess,להודות
confession,וידוי
confident,בטוח בעצמו
confinement,"מאסר, ריתוק"
confirm,"לאשר, לאמת"
confiscate,להחרים
conflict,"עימות, סכסוך"
conform,"להתאים, להסתגל"
confront,"להתעמת, לעמת"
confrontation,עימות
confuse,לבלבל
confusion,בלבול
congenial,"נעים, ידידותי"
congenital,מולד
congregate,"לאסוף קהל, לאסוף"
conjecture,"סברה, לשער"
connect,לחבר
conquer,לכבוש
conquest,כיבוש
conquistador,כובש
conscious,מודע
consequence,תוצאה
consequently,כתוצאה מכך
conservation,שימור
conservative,שמרני
conserve,לשמר
consider,"לקחת בחשבון, לשקול"
considerable,"הרבה, רבות"
consideration,התחשבות
considering,מתחשב
consist  -,מורכב מ
consistent,עקבי
consistently,בעקביות
consolidate,"לאחד, לגבש"
conspicuous,בולט
conspiracy,"קשר, מזימה"
constant,"קבוע, רצוף"
constantly,באופן קבוע
constitute,"להקים, לייסד"
constitute,מהווים
construct,לבנות
consult,להתייעץ
consume,לצרוך
consumers,צרכנים
contact,"ליצור קשר, מגע"
contagious,מדבק
contain,"להכיל, מכיל"
container,"מיכל, קונטיינר"
contaminate,לזהם
contemporary,עכשווי
contend,"להתמודד, לטעון, להיאבק"
content,שביעות רצון
content,תוכן
contest,למחות
contest,תחרות
context,הקשר
continent,יבשת
continuation,המשך
continue,להמשיך
continuity,"המשכיות, רצף הגיוני"
continuous,מתמשך
contract,"חוזה, הסכם"
contract,להתכווץ
contradiction,סתירה
contradictory,סותר
contrary  -,"להפך, בניגוד ל"
contrast,להוות ניגוד
contrast,ניגוד
contribute,לתרום
control,"לוח בקרה, פיקוח"
control,"שליטה, לשלוט"
controversial,שנוי במחלוקת
controversy,מחלוקת
convene,לכנס
convenient,נוח
conveniently,באופן נח
convention,"ועידה, כנס"
convention,מוסכמה
conventional,"שגרתי, קונבנציונאלי"
conversation,שיחה
conversely,לעומת זאת
convert,להמיר
convert,מומר
convey,"למסור, להעביר"
convict,אסיר
convict,להרשיע
convince,לשכנע
convoy,שיירה
cool,"לצנן, צונן"
coop,לול
coop,לכלוא
cooperation,שיתוף פעולה
coordination,"קואורדינציה, תיאום"
coordinator,מתאם
cope,להתמודד
copies,עותקים
copper,נחושת
copy,להעתיק
cord,מיתר
core,ליבה
corner,"פינה, לדחוק לפינה"
cornerstone,אבן פינה
correct,לתקן
correct,נכון
correlate,"לתאם, לקשר"
correspond,להתאים
correspond,להתכתב
correspondence,התכתבות
correspondingly,בהתאמה
corrupt,"להשחית, מושחת"
cosmopolitan,אוניברסלי
cost,"מחיר, עלות"
costly,יקר
cotton,כותנה
cougar,"פומה, סוג של טורף"
cough,"שיעול, להשתעל"
council,מועצה
counsel,"לייעץ, להדריך"
counsel,"פרקליט, יועץ"
count,לספור
count,רוזן
counterpart,"בעל תפקיד מקביל, עמית, בן- זוג"
country,ארץ
country,"כפר, אזור"
couple,"זוג, לצמד"
coupled with,יחד עם
coupon,קופון
courage,אומץ
courageous,אמיץ
course,מנה
course,מסלול
course,קורס
court,בית משפט
courteous,אדיב
courtesy,"נימוס, אדיבות"
cousin,בן- דוד
cover,"כיסוי, מכסה"
cow,פרה
crack,"סדק, לסדוק"
craft,"אומנות, מלאכה"
craft,כלי טייס / כלי שייט
craftsmen,"אומן, בעל מלאכה"
crash,"להתנגש, התנגשות"
crave,להשתוקק
create,ליצור
creator,יוצר
creature,יצור
credibility,"אמינות, מהימנות"
crime,פשע
cripple,להטיל מום
crisis,משבר
criteria,"אמת מידה, אבן בחן"
critic,מבקר
criticize,לבקר
critique,ביקורת
croak,קרקור
crop,יבול
crop,לקצץ
cross,לחצות
cross,"צלב, להצליב"
crossroad,צומת
crowd,להצטופף
crowd,קהל
crown,"כתר, להכתיר"
crude,גולמי
crude,"וולגרי, גס"
cruel,אכזרי
cucumber,מלפפון
cuisine,"מטבח, בישול"
culminate,הגיע לשיא
cult,כת
cultivate,"לעבד, לטפח"
culture,תרבות
cure,מרפא
curiosity,סקרנות
curious,סקרן
currency,מטבע
currently,"כרגע, נכון לעכשיו"
curse,"קללה, לקלל"
curtain,וילון
curve,"עקומה, פניה"
custom,מותאם אישית
custom,מנהג
customer,"לקוח, צרכן"
customize,להתאים באופן אישי
dagger,פגיון
daily,יומיומי
dairy,מחלבה
damage,"נזק, לגרום נזק"
damp,לח
dampen,לדכא
dance,לרקוד
dandy,גנדרני
danger,"סכנה, לסכן"
dangerous,מסוכן
dare,אתגר
dare,"להעיז, תעוזה"
darkness,חשיכה
dart,חץ
date,"יציאה, פגישה, דייט"
date,תאריך
date,תמר
daughter,בת
dawn,שחר
daydream,לחלום בהקיץ
deaf,חרש
deal,להתמודד
deal,עסקה
death,מוות
debate,"ויכוח, דיון"
debt,חוב
decade,עשור
decay,ריקבון
deceased,נפטר
deceive,להונות
decide,להחליט
decipher,לפענח
declaration,"הכרזה, הצהרה"
declare,להכריז
decline,ירידה
decline,לדחות
decline,לרדת
decorate,לקשט
decorative,"קישוטי, דקורטיבי"
decrease,"ירידה, הפחתה"
decrease,"להפחית, לצמצם"
dedicate,להקדיש
dedicated,מסור
dedicated  -,מוקדש ל
deduce,להסיק
deep,עמוק
deeply,"מאוד, במידה רבה"
deer,איל
defeat,תבוסה
defeated,הובס
defend,להגן
defense,הגנה
defer,"לעכב, לדחות"
deficiency,מחסור
define,להגדיר
definite,מוחלט
deflate  -,להוציא אוויר מ
deform,לעוות
deformity,"מום, עיוות"
degenerate,להתנוון
degree,דרגה
degree,מעלה
delay,"עיכוב, לאחר, לדחות"
delegate,"להאציל, להסמיך"
delete,למחוק
deliberate,"לשקול, לבחון, לדון"
deliberate,מכוון
deliberation,דיון
delicate,עדין
delight,תענוג
delinquent,"נזנח, נשכח"
delinquent,עבריין
deliver,לשלוח
delivery,משלוח
delusions,"אשליות, הזיות"
demand,"לדרוש, דרישה"
demean,"להנמיך, להשפיל"
demented,"משוגע, מטורף"
demographic,דמוגרפי
demonstrate,להדגים
demonstrate,להפגין
denial,הכחשה
densely,בצפיפות
density,צפיפות
dental,שקשור בשיניים
dentist,רופא שיניים
deny,להכחיש
deny,לסרב
depart,לעזוב
department,מחלקה
department-store,חנות כלבו
depend on  -,תלוי ב
depict,"לתאר, להציג, לשרטט"
deposit,"להפקיד, פיקדון"
depreciate,להפחית
depression,דיכאון
derision,לעג
derive  -,"לשאוב, להפיק, לגזור מ"
descend,"ירד, הדרדר"
descendent,צאצא
describe,לתאר
described,מתואר
description,תיאור
desert,לנטוש
desert,מדבר
design,"לתכנן, לעצב"
design,"תכנית, דוגמה, תרשים"
designer,מעצב
desirable,נחשק
desire,"תשוקה, חשק, לחפוץ"
desolate,הרוס
desolate,"שומם, נטוש"
despair,להתייאש
desperate,נואש
desperation,ייאוש
despise,לתעב
despite,למרות
dessert,קינוח
destination,יעד
destiny,גורל
destroy,להרוס
destructive,הרסני
detach,להתנתק
detail,"פרט, לפרט"
detect,"לאתר, לגלות"
deteriorate,להידרדר
determine,לקבוע
determined,"נחוש, נחרץ"
detract,"להפחית, לגרוע"
detrimental,מזיק
devastate,להחריב
devastated,"הרוס, מפורק"
develop,לפתח
development,"התפתחות, פיתוח"
deviant,סוטה
device,מכשיר
devise,"לתכנן, להמציא"
devoid,"חסר, נטול"
devote,להקדיש
diagnose,לאבחן
diagram,"תרשים, דיאגרמה"
dialect,ניב
diary,יומן
dictate,"להכתיב, לפקד"
dictator,"עריץ, דיקטטור"
die,"מת, למות"
diet,"דיאטה, תזונה"
difference,הבדל
differences,חילוקי דעות
different,שונה
different from  -,שונה מ
differentiate,"להבדיל, להבחין"
difficult,קשה
dilemma,"דילמה, בעיה"
dim,לעמעמם
dimension,מימד
diminish,לצמצם
direct,"ישיר, כנה"
direct,לביים
direct,לכוון
direction,כיוון
director,במאי
director,מנהל
dirty,מלוכלך
disadvantage,חסרון
disagreement,חוסר הסכמה
disappear,להעלם
disappoint,לאכזב
disapproving,"לא מאשר, לא מסכים, לא מרוצה"
disarmament,פירוק מנשק
disaster,אסון
disciples,תלמידים
discipline,"להעניש, לחנך, משמעת"
discipline,תחום לימוד/מחקר
disciplined,"חינך, העניש"
disciplined,ממושמע
disclose,"לגלות, לחשוף"
discontent,חוסר שביעות רצון
discord,"סכסוך, מחלוקת, צרימה"
discourage,לשכנע שלא לעשות משהו
discover,לגלות
discoveries,תגליות
discrepancy,"סתירה, פער"
discriminate,להפלות
discuss,"לדון, להתווכח"
disdain,"זלזול, בוז"
disease,מחלה
disgrace,בושה
disguise,תחפושת
disgust,"גועל, להגעיל"
disinfection,חיטוי
dislocate,"לפרוק, לנקוע"
disloyal,לא נאמן
dismiss,"לבטל, לפטר, לשחרר"
disobey,"להפר, לא לציית"
disorder,הפרעה
disparage,"לזלזל, להמעיט בערך"
disparagement,זלזול
dispatch,לשגר
displacement,עקירה
display,להציג
disposable,חד- פעמי
dispose,להיפטר
disprove,להפריך
disregard,להתעלם
disrupt,"להפריע, לשבש"
dissect,"לנתח, לבתר"
dissection,"חיתוך, ביתור"
disseminate,להפיץ
dissent,"להתנגד, חילוקי דעות"
dissolve,להתמוסס
distance,מרחק
distant,מרוחק
distinct,"ברור, נפרד"
distinction,הפרדה
distinction,מצוינות
distinctive,מיוחד
distinguish,"להבדיל, להבחין"
distract,להסיח את הדעת
distress,מצוקה
distribute,להפיץ
distribution,הפצה
district,מחוז
disturb,להפריע
disturbance,הפרעה
disuse,חוסר שימוש
diurnal,יומי
diverge,לסטות
diverse,מגוון
diversity,מגוון
divide,לחלק
divine,אלוהי
divinity,אלוהות
divorce,גירושין
docile,"צייתן, כנוע, נח"
document,לתעד
document,מסמך
domestic,ביתי
dominate,לשלוט
donate,לתרום
done,"גמור, עשוי"
donor,תורם
doorstep,מפתן הדלת
dose,"מנה, מינון"
double standard,מוסר כפול
doubt,"ספק, להטיל ספק"
dovecote,שובך
down,למטה
downhill,"מדרון, מורד"
dozen,תריסר
draft,גיוס
draft,טיוטה
draft,משיכה
draft,רוח פרצים
drag,לגרור
drastic,דרסטי
draw,לצייר
draw,"תיקו, שוויון"
draw (drew),"לשלוף, שלף"
drawback,"חסרון, עיכוב"
dread,"פחד, לפחד"
dream,"חלום, לחלום"
drench,"להרטיב, להספיג"
drift,"זרם, סחף"
drink,"לשתות, משקה"
drip,לטפטף
drought,בצורת
drug,"סם, תרופה, לסמם"
due,בשל
due,"צריך להיעשות, זמנו הגיע"
due to,"בגלל, לאור"
duel,דו- קרב
dull,משעמם
dull,סתום
dull,עמום
dump,לשפוך
duplicate,לשכפל
durable,"יציב, מתמשך"
during,"תוך כדי, במשך"
dust,"אבק, לאבק"
duty,"תפקיד, חובה"
dwarf,"לגמד, גמד"
dwell,להתגורר
dwelling,"משכן, בית"
dwindle,"הידלדל, התמעט"
dye,"צבע, לצבוע"
dynasty,שושלת
e.g.,לדוגמה
eager,"נחוש, נלהב"
eagle,נשר
earlier,קודם לכן
early,מוקדם
earn,להרוויח
earth,אדמה
earthquake,רעידת אדמה
ease,"להקל, קלוּת"
easily,בקלות
eccentric,"מוזר, אקסצנטרי"
echo,הד
ecological,אקולוגי
economy,כלכלה
edge,"קצה, חספוס"
edible,אכיל
edit,לערוך
edition,מהדורה
editor,עורך
educate,לחנך
education,השכלה
eel,צלופח
effect,"רושם, השפעה"
effect,"תוצאה, אפקט"
effective,"יעיל, אפקטיבי"
efficient,יעיל
effort,מאמץ
elaborate,"לפרט, להרחיב"
elastic,"גמיש, אלסטי, גומיה"
elderly,זקן
elect,לבחור
electricity,חשמל
elephant,פיל
eliminate,"לחסל, לפסול"
eloquent,רהוט
elsewhere,במקום אחר
elude,"לברוח, להתחמק"
embalm,"לחנוט, לשמר"
embarrass,להביך
embitter,גורם התמרמרות
emblem,סמל
embrace,"לחבק, לאמץ לקרבו"
embryo,עוּבָּר
emerge,"להגיח, להופיע"
emigrate,להגר
eminent,"בולט, בכיר"
emission,פליטה
emit,"לפלוט, להוציא"
emotion,רגש
empathy,"הזדהות, אמפתיה"
emperor,"שליט, קיסר"
emphasize,להדגיש
empire,אימפריה
employ,להעסיק
employer,"מעסיק, מעביד"
empty,"ריק, לרוקן"
enable,לאפשר
enact,לחוקק
enchant,"לכשף, להקסים"
enclose,לצרף
enclosing,"לסגור, להקיף"
enclosure,"סגירה, כיתור, שטח מגודר"
encounter,מפגש
encourage,לעודד
encroach,"להסיג גבול, לפלוש"
endanger,לסכן
endangered,בסכנת הכחדה
endurance,כוח סבל
endure,"לסבול, להחזיק מעמד"
enemy,אויב
energy,"אנרגיה, כוח"
enforce,"לאכוף, לכפות"
engage,"להעסיק, ליצור מגע"
engagement,אירוסין
engagement,התחייבות
engine,מנוע
engineer,"מהנדס, להנדס"
engrave,לחרוט
enhance,להעצים
enjoy,ליהנות
enjoyable,מהנה
enlarge,להגדיל
enlist,להתגייס
enormous,עצום
enough,מספיק
enrage,"להרגיז, להכעיס"
enrich,להעשיר
enroll,להירשם
ensue,נבע
ensure,להבטיח
enter,נכנס
entertain,"לשעשע, לבדר"
entertainment,בידור
enthusiasm,התלהבות
entirely,לחלוטין
entitled,זכאי
entrance,כניסה
envelope,מעטפה
envious,קנאי
environment,סביבה
envision,"לחזות, לצפות"
envy,"קנאה, לקנא"
enzyme,אנזים
epidemic,"מגיפה, אפידמיה"
episode,פרק
epitomize,"לייצג, לאפיין"
equality,"שוויון, במידה שווה"
equally,במידה שווה
equates,"להשוות, להתאים"
equip,לצייד
equipment,ציוד
equivalent,מקבילה
era,עידן
erase,למחוק
eraser,מחק
erosion,"סחף, כרסום"
erroneous,שגוי
error,שגיאה
erupt,התפרץ
escape,"לברוח, בריחה"
especially,במיוחד
essential,חיוני
essentially,"בעיקרו, במהותו"
establish,לייסד
estate,אחוזה
estate,נכס
esteemed,מכובד
estimate,"להעריך, לאמוד"
ethical,"אתי, מוסרי"
ethnic,אתני
evade,התחמק
evaluate,"להעריך, לאמוד"
evaluation,הערכה
even,אפילו
even,"ליישר, להשוות"
even if,גם אם
even so,אף על פי כן
even though  -,למרות ש
evening,ערב
evenly,באופן שווה
event,אירוע
eventually,לבסוף
every day,כל יום
every now and then,לפעמים
evidence,ראיה
evocative,"מעורר, מעלה, מזכיר"
evoke,"לעורר, להעלות"
evolutionary,התפתחותי
evolved,התפתח
exact,מדויק
exactly,בדיוק
exaggerate,להגזים
examination,"בחינה, בדיקה"
examine,לבחון
example,דוגמה
excel,להצטיין
excellent,מצוין
except  -,"מלבד, חוץ מ"
except for,למעט
exception,יוצא מהכלל
excessive,"יתר, מוגזם"
excessively,בצורה מוגזמת
exchange,"להחליף, חלופה"
excitement,התרגשות
exclude,"למנוע, לשלול, להרחיק, לגרש"
exclusive,בלעדי
exclusively,"באופן בלעדי, רק"
excuse,לסלוח
excuse,תירוץ
execute,להוציא להורג
execute,להוציא לפועל
exercise,להתאמן
exercise,"לממש, ליישם"
exercise,תרגיל
exert,להפעיל
exert,להתאמץ
exhale,לנשוף
exhaust,"פליטה, צינור מפלט"
exhausting,"מתיש, מעייף"
exhibit,"להציג, מוצג"
exhibition,תערוכה
exile,"להגלות, לגרש"
exist,קיים
existence,קיום
exotic,"אקזוטי, מארץ זרה"
expand,להרחיב
expansion,התפתחות
expatriate,"להגלות, לגרש"
expect,לצפות
expectations,ציפיות
expedite,לזרז
expel,"להשעות, להרחיק"
expend,"לגמור, לבזבז, לפזר"
expendable,שניתן לוותר עליו
expense,הוצאות
expensive,יקר
experience,"ניסיון, לחוות"
experiment,"ניסוי, להתנסות"
expert,מומחה
explain,להסביר
explanation,הסבר
explicit,"מפורש, ברור, בוטה"
explode,להתפוצץ
exploit,"לנצל, להפיק תועלת"
exploit,"פעולות, מעשים"
explore,"לחקור, ללמוד"
explosive,חומר נפץ
export,ייצוא
exposure,חשיפה
express,לבטא
express,מהיר
expression,ביטוי
exquisite,"חד, מעודן, אנין"
exquisite,מצוין
extend,"להאריך, להרחיב"
extension,שלוחה
extensive,נרחב
exterior,חיצוני
external,חיצוני
extinct,נכחד
extinction,הכחדה
extortion,סחיטה
extract,"לתמצת, להפיק"
extraordinary,בלתי רגיל
extrapolate,לאמוד על סמך מידע קיים
extreme,קיצוני
eyesight,"ראייה, כוונת"
fabric,בד
fabricate,לבדות
face,פנים
face  -,"פונה ל- , עם הפנים ל"
facial,שקשור בפנים
facilitate,"לסייע, לעזור, להקל"
facility,מתקן
fact,עובדה
factor,גורם
factory,"מפעל, בית חרושת"
fail,להיכשל
failure,כשלון
faint,להתעלף
faint,קלוש
fairy,פיה
fairytale,אגדה
faith,אמון
fall,סתיו
fall apart,להתפרק
false,שקר
familiar,מוכר
familiarize,להתוודע
family,משפחה
famine,רעב קשה
famous,מפורסם
fan,"מאוורר, לאוורר"
fan,"מעריץ, אוהד"
fancy,מגונדר
fancy,מחבב
farm,חווה
farmer,חוואי
farther,"הלאה, יותר"
fascinate,לרתק
fashion,אופנה
fashion,לעצב
fast,מהיר
fast,צום
fasten,להדק
fate,"גורל, חרץ גורל"
father,אבא
fatigue,לעייף
fatigue,"עייפות, תשישות"
fault,אשמה
fault,"פגם, תקלה"
faulty,"לקוי, לא תקין"
favor,טובה
favor,להעדיף
favored,מועדף
fear,"פחד, לפחד"
feature,להציג
feature,סרט באורך מלא
feature,"תכונה, מאפיין"
feel,להרגיש
feeling,הרגשה
fellow,"חבר, עמית"
feminine,נשי
fertile,פורה
few,מעט
fiber,סיב
fiction,"בדיון, לא אמיתי"
field,"תחום, שדה"
figurative,סמלי
figure,"גזרה, צורה"
figure,דמות
figure,"לחשב, להניח, להסיק"
figure,"ספרה, מספר"
file,"תיק, קובץ"
filmmaker,יוצר סרטים
filter,"פילטר, מסנן"
finalize,"לסכם, לגבש"
finally,"לבסוף, סוף סוף"
financial,כספי
find,למצוא
findings,ממצאים
fine,משביע רצון
fine,"משובח, מצוין"
fine,"קטן, עדין, דקיק"
fine,קנס
finger,אצבע
fingerprint,טביעת אצבע
fire,"אש, להצית"
fire,לירות
fire,לפטר
firm,מוצק
firm,"נחוש, תקיף"
first of all,ראשית
fisherman,דייג
fishing,דיג
fit,בכושר
fit,להתאים
fix,לתקן
flagrant,בוטה
flame,להבה
flat,דירה
flat,שטוח
flatter,להחמיא
flatter,שטוח יותר
flattery,חנופה
flavor,טעם
flavor,לתבל
flew,עף
flexible,גמיש
flight,"בריחה, מנוסה"
flight,טיסה
flimsy,"עדין, שביר"
flip,להפוך צד
flip,"לזרוק, להעיף"
flip,סלטה
flock,"לנהור, עדר, המון"
flood,שיטפון
flourish,"לשגשג, לפרוח"
flow,זרם
flower,פרח
fluctuation,חוסר יציבות
fluency,שטף
fluent,שוטף
fluid,נוזל
fly,זבוב
fly,לעוף
focus,"להתמקד, מיקוד"
foil,לסכל
folk,עממי
folklore,פולקלור
follow,"לעקוב, לציית"
fool,"טיפש, לשטות במישהו"
footage,קטע צילום
footprints,"עקבות, טביעות רגל"
for,עבור
for  -,מפני ש
for example,לדוגמה
for instance,לדוגמה
for the most part,בדרך- כלל
for the sake of,למען
forbid,לאסור
force,כוח
force,לכפות
forceful,חזק
forecast,תחזית
foreign,"זר, נוכרי"
foreign,חוץ
forerunner,"אות, סימן מבשר באות"
forerunner,"שליח, חלוץ, מבשר"
foresee,לצפות מראש
forest,יער
forever,"לנצח, לתמיד"
forfeit,"לוותר, להפסיד"
forget,לשכוח
forgettable,שאפשר לשכוח אותו
forgive,לסלוח
fork,מזלג
form,"ליצור, להקים"
form,צורה
formal,רשמי
former,"קודם, לשעבר"
formula,"נוסחה, פורמולה"
formulate,לנסח
forsake,לזנוח
fort,"מצודה, מבצר"
forth,"הלאה, קדימה"
fortify,"לחזק, לבצר"
fortunate,בעל מזל
fortune,מזל
fortune,עושר
forward,"קדימה, לפנים"
fossil,מאובן
foster,"אומן, מאומץ"
found,לייסד
found,"מצא, גילה"
foundation,יסוד
fraction,שבר
fracture,שבר
fragile,"עדין, שביר"
fragrance,ניחוח
frame,"מסגרת, למסגר"
fraternal,"אחוותי, של אחים"
fraud,"מרמה, הונאה"
frequency,"תדר, תדירות"
frequent,"תדיר, שכיח"
frequently,לעיתים קרובות
friend,חבר
friendly,ידידותי
friendship,חברות
frightening,מפחיד
fringes,שוליים
frog,צפרדע
from time to time,מפעם לפעם
front,"חזית, להתעמת"
frugal,חסכני
fruit,פרי
frustration,תסכול
fuel,דלק
fulfill,להגשים
full,"מלא, למלא"
fume,"אדים, עשן"
function,"תפקוד, לתפקד"
fund,לממן
fund,קרן
fundraiser,מגייס כספים
funds,"כסף, הון, מקור מימון"
fungus,פטרת
fur,פרווה
furnish,לרהט
further,בהמשך
further,לקדם
furthermore,זאת ועוד
fury,זעם
future,עתיד
gain,"להרוויח, להוסיף"
gamble,הימר
gap,פער
garbage,זבל
garden,גן
garlic,שום
garment,"בגד, לבוש"
gasoline,בנזין
gate,שער
gather,אסף
gauge,"למדוד, להעריך, מידה"
general,כללי
generally,באופן כללי
generated,יצר
generation,דור
generous,נדיב
genes,גנים
genesis,"היווצרות, התהוות"
genesis,ספר בראשית
genetic,"תורשתי, גנטי"
genial,ידידותי
genius,גאון
genre,"ז'אנר, סוגה"
gentle,עדין
genuine,"אמיתי, מקורי"
genus,"סוג, מין"
gesture,מחווה
giant,ענק
gift,מתנה
given,נתון
given that,בהתחשב בכך
glacier,קרחון
glad,שמח
glance,מבט חטוף
gland,בלוטה
glass,זכוכית
glass,כוס
glaze,זיגוג
glitch,"תקלה, הפרעה"
global,"עולמי, גלובאלי"
glorify,להאדיר
glove,כפפה
goal,מטרה
goblet,גביע
golden,מוזהב
goods,"סחורה, טובין"
govern,למשול
government,ממשל
governor,מושל
grace,"חסד, חינניות"
gracious,"חינני, אדיב"
grade,כיתה
grade,"ציון, דרגה, מעמד"
grade,שיפוע
gradual,הדרגתי
gradually,בהדרגה
graduate,לסיים לימודים
grain,"גרעין, לטחון"
grain,תבואה
grammatical,דקדוקי
grand,"גדול, כולל, מרשים"
granddaughter,נכדה
grandfather,סבא
grandmother,סבתא
grandson,נכד
grant,"להעניק, מענק"
granted (that)  -,"בהנחה ש- , נתון ש"
grapes,ענבים
grasp,אחיזה
grasp,"לתפוס, להבין"
gratify,לרצות
great,"גדול, מעולה"
greet,"לברך, לקבל פנים"
grief,"יגון, צער"
grievance,"טרוניה, התמרמרות"
grit,"גרגרים, לכלוך"
grocery,מכולת
groom,חתן
groom,"לטפח, לטפל"
gross,"ברוטו, גלמי"
gross,"ענק, דוחה"
ground,"בסיס, אדמה"
group,"קבוצה, לקבץ"
grow,"לגדול, לגדל"
grow up,"להתבגר, לגדול"
growled,נהם
growth,"צמיחה, גדילה"
guarantee,"להבטיח, ערבות"
guard,"שומר, לשמור"
guess,"ניחוש, לנחש"
guidance,"הנחיה, הכוונה, הנהגה"
guide,להדריך
guillotine,גיליוטינה
guilty,אשם
gunpowder,אבק שריפה
gym,אולם ספורט
gymnasium,אולם ספורט
habit,הרגל
habitat,סביבת מגורים
hail,ברד
hail,לשבח
half,חצי
hall,היכל
hall,מסדרון
halt,"לעצור, להפסיק, עצירה"
halve,לחצות
hand,יד
hand,למסור
hand,מצד אחד... מצד שני
handicap,נכה
handle,להתמודד
harass,להציק
harder,קשה יותר
hardly,בקושי
hardly ever,כמעט אף פעם
harm,"לפגוע, להזיק"
harmful,מזיק
harmless,שאינו מזיק
harmony,הרמוניה
harness,לרתום
harsh,"נוקשה, אכזרי"
hasten,"למהר, להחפז"
hasty,"מהיר, בהול"
hatch,"פתח, צוהר"
haul,לגרור
hazardous,מסוכן
health,בריאות
hear,לשמוע
hearsay,שמועה
heart,לב
heartbeat,"דופק, פעימות לב"
heat,"חום, לחמם"
heavily,"מאוד, במידה רבה"
heavy,כבד
hectic,קדחתני
heed,לשים לב
hegemony,הגמוניה
height,גובה
heir,יורש
hence,"לפיכך, לכן"
herb,עשב
herd,לאסוף
herd,"עדר, לרעות"
here,כאן
heredity,תורשה
heresy,כפירה
heritage,מורשת
hero,גיבור
heroine,גיבורה
hesitate,להסס
hibernate,לישון שנת חורף
hid from  -,התחבא מ
hidden,"חבוי, נסתר"
highway,כביש ראשי
hike,"הליכה, טיול"
hilarious,מצחיק
hill,גבעה
hinder,לעכב
hint,רמז
historian,היסטוריון
hive,כוורת
hobby,תחביב
hold back,"לעכב, למנוע"
hollow,חלול
homeland,מולדת
honest,הגון
honor,"לכבד, כבוד"
hope,"תקווה, לקוות"
horn,צופר
horrific,אָיוֹם
horror,אימה
horse,סוס
hospital,בית חולים
hospitality,הכנסת אורחים
hospitalize,לאשפז
host,מארח
hostility,עוינות
hot,חם
hot,חריף
house,בית
house,לשכן
housemaid,"עוזרת בית, מנקה"
how,"איך, כיצד"
however,בכל דרך
however,למרות זאת
howl,"יללה, לילל"
huge,"עצום, ענק"
human,אנושי
human being,"בן- אדם, אנוש"
humiliate,להשפיל
humility,ענוה
hundred,מאה
hunger,רעב
hunt,"לצוד, ציד"
hunter,צייד
husband,בעל
hypocrisy,צביעות
i.e.,"כלומר, לדוגמה"
ice cream,גלידה
iceberg,קרחון
icicle,נטיף קרח
idea,רעיון
ideal,"אידיאל, אידיאלי"
identical,זהה
identically,באופן זהה
identify,לזהות
idolize,להעריץ
ignorance,בורות
ignorant,"בור, חסר השכלה"
ignore,להתעלם
ill,חולה
illegal,לא חוקי
illiterate,"בור, אנאלפבית"
illness,מחלה
illuminate,להאיר
illusion,אשליה
illustrate,"להמחיש, להדגיש"
illustrator,מאייר
image,"דמות, תמונה"
imagination,דמיון
imaginative,דמיוני
imagine,לדמיין
imitate,לחקות
immediately,מיד
immense,"כביר, עצום"
immersion,שקיעה
immigrate,להגר
immoral,לא מוסרי
impact,השפעה
impact,התנגשות
impair,"לפגום, להחליש"
impart,"להעביר, להקנות"
impartial,"אוביקטיבי, ללא צד"
impartially,"באופן הוגן, ללא אפליה"
impatient,חסר סבלנות
implement,"ליישם, להוציא לפועל"
implementation,"מימוש, יישום, ביצוע"
implicate,"לסבך, לערב"
implications,"השלכות, משמעות"
implore,"להתחנן, להפציר"
imply,לרמוז
import,לייבא
importance,חשיבות
important,חשוב
impose,לכפות
impossible,בלתי אפשר
impress,להרשים
impressive,מרשים
imprisoned,כלוא
imprisonment,"מאסר, כליאה"
improve,לשפר
improvise,לאלתר
impulse,דחף
impulsively,ללא שיקול דעת
in,"ב- , בתוך"
in a moment,בעוד רגע
in a word,במילה אחת
in addition,בנוסף
in case,במקרה
in comparison,בהשוואה
in conclusion,לסיכום
in contrast to  -,בניגוד ל
in due time,בבוא העת
in fact,למעשה
in favor of,לטובת
in front of,"בחזית של, מול"
in general,באופן כללי
in light of,לאור
in order,"תקין, מסודר"
in order to,"על- מנת, בכדי"
in other words,במילים אחרות
in particular,במיוחד
in spite of,למרות
in that case,במקרה הזה
in the same way,באותו אופן
inactivity,חוסר פעילות
inadequate,"לקוי, לא מספיק"
inadvertently,"בלי משים, בלי כוונה"
incentive,תמריץ
incident,תקרית
incidentally,דרך אגב
incline,להתאים
incline,שיפוע
include,לכלול
including,כולל
inclusive,כולל
income,הכנסה
incompetence,חוסר יכולת
incomprehensible,לא מובן
inconsistent,לא עקבי
incorporate,"לכלול, לשתף, לאגד"
increase,"להגדיל, להגביר"
incredible,מדהים
indebted,"חייב ל- , אסיר תודה"
indeed,בהחלט
indefinitely,ללא הגבלה
independence,עצמאות
independent,עצמאי
index,"אינדקס, תוכן עניינים"
indicate,להצביע על
indication  -,"אינדיקציה, סימן ל"
indifference,אדישות
indigenous,"ילידים, מולד"
individual,"יחיד, אינדיבידואל"
induce,"לגרום, לייצר"
industrious,"חרוץ, שקדן"
industry,תעשייה
inevitable,בלתי נמנע
inexpensive,"לא יקר, זול"
infancy,ינקות
infected,הודבק
infection,זיהום
infectious,מדבק
inferior,נחות
inferred,"נגזר, משתמע"
infiltrate,להסתנן
infinite,אינסופי
inflammation,דלקת
inflate,לנפח
influence,"השפעה, להשפיע"
inform,"להודיע, לעדכן"
information,מידע
infraction,עבירה
ingest,להכניס משהו לגוף דרך הפה
ingredients,מרכיבים
inhabit,"ליישב, לאכלס"
inhabitants,תושבים
inherit,לרשת
inhibit,לרסן
initial,"התחלתי, ראשוני"
initial,ראשי תיבות
initially,בתחילה
initiated,"יזם, התחיל, אִתְחֵל"
inject,להזריק
injure,לפצוע
injury,פציעה
inn,פונדק
innate,מולד
inner,פנימי
innocent,חף מפשע
innocent,תמים
innovate,"לחדש, להמציא"
inquire,לתשאל
inquiry,חקירה
insanity,אי שפיות
insect,חרק
insert,להכניס
inside,"בתוך, פנים"
insight,תובנה
insist,להתעקש
inspect,"לבחון, לבדוק"
inspiration,השראה
inspiring,נותן השראה
installation,התקנה
instant,בהרף עין
instant,מיידי
instantly,מיד
instead,במקום
instead of,במקום
instill,"להחדיר, להשריש"
institute,לכונן
institute,"מוסד, מכון"
instruction,"הוראה, הדרכה"
instrument,כלי
insulate,לבודד
insult,להעליב
insult,עלבון
insurance,ביטוח
insure,להבטיח
insurmountable,שאין להתגבר עליו
insurrection,התקוממות
intact,ללא פגע
integrate,לשלב
intellectual,אינטלקטואלי
intelligence,אינטליגנציה
intelligence,מודיעין
intense,"עז, אינטנסיבי"
intention,כוונה
intentional,מכוון
interact,"לתקשר, להשפיע"
interest,עניין
interest,ריבית
interface,ממשק
interior,פנימי
interjection,"הערה, הפרעה לשיחה"
intermediary,"מתווך, אמצעי"
interminable,נצחי
internal,פנימי
international,בינלאומי
interpretation,פרשנות
interrupt,להפריע
intersection,"צומת, הצטלבות"
intervene,להתערב
intervention,התערבות
interview,"לראיין, ראיון"
intimidate,להפחיד
into,אל תוך
intoxicate,להלהיב
intoxicate,"להרעיל, לשכר"
introduce,"להציג, לעשות היכרות"
introduction,"הקדמה, מבוא, היכרות"
intrusive,פולשני
intuition,אינטואיציה
invade,"לחדור, לפלוש"
invaders,פולשים
invariably,ללא שינוי
invent,להמציא
inventor,ממציא
inventory,מצאי
invertebrate,חסר- חוליות
investigate,לחקור
investing,להשקיע
investment,השקעה
investor,משקיע
invisible,בלתי נראה
invite,להזמין
invoke,"לעורר, לזמן"
involve,לערב
ironic,אירוני
irregular,לא רגיל
irresistible,שלא ניתן לעמוד בפניו
irrigation,השקיה
island,אי
isle,אי
isolate,לבודד
issue,גיליון
issue,"להוציא לאור, להפיץ"
issue,"נושא, עניין, סוגיה"
ivory,שנהב
jagged,משונן
janitor,שרת
jewel,תכשיט
jog,"ריצה, ג'וגינג, לרוץ"
join,"להצטרף, לחבר"
joint,"מפרק, חיבור"
joint,משותף
joke,בדיחה
journey,מסע
joyous,"שמח, עליז"
judge,לשפוט
judge,שופט
judgment,שיפוט
jug,"כד, קנקן"
juice,מיץ
jump,לקפוץ
jungle,ג'ונגל
junkyard,מגרש גרוטאות
just,"מדויק, אמיתי"
just,"צודק, הוגן"
just,"רק, בלבד"
just as,בדיוק כמו
justify,להצדיק
keep,חלק מהמצודה
keep,לשמור
kettle,קומקום
keystone,אבן מפתח
kick,"לבעוט, בעיטה"
kill,"להרוג, לחסל, הרג"
kind,"טוב לב, אדיב, נעים"
kind,סוג
king,מלך
kingdom,ממלכה
kitchen,מטבח
kite,עפיפון
knees,ברכיים
knot,קשר
knowledge,יֶדַע
known,ידוע
label,לתייג
label,תגית
labor,להתאמץ
labor,"עבודה, עמל, לעמול"
laboratory,מעבדה
laborer,פועל
lack,מחסור
lackluster,"העדר ברק, העדר כוח"
laid,מונח
lake,אגם
lame,צולע
lamentable,"מצער, מעציב"
landmark,אבן דרך
landscape,נוף
lane,מסלול
language,שפה
lapse,"מעידה, פליטת פה"
lapse,"פרק זמן, פקיעה, סיום"
large,גדול
largest,הגדול ביותר
last,אחרון
last,"המשיך, החזיק מעמד"
late,"מאוחר, לאחר"
later,מאוחר יותר
latter,"שני, אחרון"
laugh,לצחוק
launch,"להשיק, להתחיל"
launch,"לשגר, להוציא לדרך"
launder,לכבס
law,חוק
lawyer,עורך- דין
layer,שכבה
leader,מנהיג
leadership,מנהיגות
league,ליגה
league,מידת אורך קדומה
lean,להישען
leather,עור
lecture,הרצאה
led to  -,הוביל ל
left,שמאלה
legal,חוקי
legal,משפטי
legalize,"להפוך חוקי, לאשר"
legible,קריא
legislate,לחוקק
legislation,חקיקה
leisure,פנאי
leisurely,"נינוח, רגוע"
lend,"להלוות, להשאיל"
length,אורך
leniency,"חמלה, רחמים"
lens,עדשה
leopard,נמר
less,פחות
lethal,קטלני
level,"לאזן, להשוות"
level,"רמה, דרגה, מפלס"
liberal,"ליברלי, מתירני"
library,ספריה
license,"לאשר, להתיר"
license,רישיון
lie,"לשקר, שֶקֶר"
lifestyle,אורח חיים
lifetime,"תקופת החיים, במשך החיים"
light,אור
light,קל
like,כמו
like,"לחבב, להעדיף"
likely,סביר
likewise,"כמו- כן, באותו אופן"
limb,"גף, איבר"
limb,קצה
limber,גמיש
limit,"גבול, לשים גבול, מוגבל"
limitation,מגבלה
lineage,"ייחוס, שושלת"
linger,"להתעכב, להשתהות"
link,"קישור, לקשר, חוליה"
lip,שפה
list,"רשימה, להכין רשימה"
listen,להקשיב
literary,ספרותי
literate,"משכיל, מלומד"
literature,ספרות
liver,כבד
load,להעמיס
loan,הלוואה
loathe,לתעב
lobby,"לובי, מבואה"
lobby,לשדל
local,מקומי
locate,לאתר
lock,"מנעול, לנעול"
lodge,"להתאכסן, אכסנייה"
log,בול עץ
log,"יומן, לתעד ביומן"
logic,הגיון
lone,"בודד, יחיד"
loneliness,בדידות
loosely,באופן רפוי
losing,מפסיד
loud,חזק
loudspeaker,רמקול
lower,להנמיך
loyalty,נאמנות
luck,מזל
lucrative,ריווחי
luggage,מזוודות
lumber,גזע עץ
luminous,"זוהר, בוהק"
lunch,ארוחת צהריים
lung,ריאה
lurking,"אורב, מתגנב"
luxury,מותרות
machine,מכונה
made,עשה
magical,קסום
magnificent,מדהים
magnitude,"גודל, חשיבות"
mail,דואר
mailman,דוור
main,עיקרי
mainly,בעיקר
maintain,לשמר
major,מסלול לימודים
major,"ראשי, עיקרי"
majority,רוב
make sure,"להבטיח, לוודא"
makeup,איפור
male,זכר
malformation,"עיוות, פגם"
malfunction,"כשל, ליקוי"
malnutrition,תת- תזונה
mammal,יונק
manage,לנהל
management,ניהול
manner,"התנהגות, אופן"
manners,נימוס
manufacture,ייצר
manuscript,כתב יד
map,"מפה, למפות"
marble,גוּלָּה
marble,שיש
march,לצעוד
margin,"שוליים, מרווח"
marine,ימי
maritime,ימי
mark,לסמן
markedly,בצורה ניכרת
market,שוק
marketing,"שיווק, לשווק"
marriage,נישואין
marsupial,חיית כיס
martial,"צבאי, קרבי"
masculine,גברי
mass,"המון, המוני"
mass,מסה
massacre,טֶבַח
master,"אדון, שליט"
master,"להתמחות, לשלוט"
masterpiece,יצירת מופת
mastery,מומחיות
match,גפרור
match,"התאמה, להתאים"
mate,"בן זוג, חבר"
mate,להזדווג
material,"חומר, חומרני"
mathematician,מתמטיקאי
maturity,בגרות
maximize,למקסם
maybe,אולי
mayor,ראש עיר
maze,מבוך
meanwhile,בינתיים
measure,אמצעי
measure,למדוד
mechanize,"למכן, להתקין מכונות"
media,"מדיה, תקשורת"
mediate,"לגשר, לתווך"
medicine,"רפואה, תרופה"
medieval,מתקופת ימי הביניים
meeting,פגישה
melt,להמיס
memorial,"מצבה, תזכיר"
memorize,"לשנן, לזכור בעל- פה"
memory,"זיכרון, לזכר"
mental,נפשי
mention,"להזכיר, לאזכר"
mentor,מדריך רוחני
merchandise,"מוצרים, סחורה"
mercy,רחמים
mere  -,"רק, לא יותר מ"
merely  -,"רק, לא יותר מ"
merge,"למזג, לחבר"
merger,מיזוג
merit,"ערך, הישג"
message,הודעה
metal,"מתכת, מתכתי"
method,שיטה
meticulous,קפדני
midair,באוויר
middle,אמצע
migrate,להגר
mild,"מתון, עדין"
military,"צבא, צבאי"
milk,"חלב, לחלוב"
mimic,לחקות
mind,אכפת
mind,"לשים לב, לשמור"
mind,שכל
minimize,למזער
minor,קטין
minor,"קטן, שולי"
minority,מיעוט
miracle,"נס, פלא"
mirror,מראה
misbehave,להתנהג בצורה לא הולמת
mischief,"נזק, מעשה קונדס"
misconception,דעה מוטעית
miserable,אומלל
miss,להתגעגע
miss,לפספס
missile,טיל
mission,משימה
mistake,טעות
mistaken,"שגוי, לטעות"
misty,מעורפל
mix,"לערבב, ערבוב"
mobilize,"לנייד, להניע"
mock,ללעוג
mode,"אופנה, מודה"
mode,"מצב, אופן, צורה"
model,"דגם, מודל, דוגמן"
moderate,"לתווך, לפשר"
moderate,מתון
modernize,להפוך למודרני
modest,צנוע
modify,"לשנות, להתאים"
moist,לחות
mold,לעצב
mold,עובש
mole,חפרפרת
mole,שומה
monarch,מלך
money,כסף
monitor,"להשגיח, מוניטור"
monk,נזיר
monkey,קוף
monster,מפלצת
monument,אנדרטה
monumental,"גדול, אדיר"
mood,מצב רוח
moral,מוסר
morale,מורל
moreover,זאת ועוד
morose,"קודר, עגמומי"
mortal,"אנושי, בן תמותה"
mortal,קטלני
mortality,תמותה
mosquito,יתוש
most,הכי
most,רוב
mostly,לרוב
moth,עש
motif,מוטיב
motivate,לדרבן
mountain,הר
mountainside,מדרון
mountaintop,פסגת הר
mourning,"אבל, מתאבל"
mouth,פה
move,"לזוז, לעבור"
movement,תנועה
muscle,שריר
must,"חייב, חובה, הכרח"
mutation,מוטציה
mutually,באופן שווה/הדדי
myriad,"רב, הרבה"
mystery,תעלומה
namely,"במיוחד, כלומר"
narcotic,סם
narration,קריינות
narrow,צר
nation,אומה
nationality,לאום
nationalize,להלאים
native,"יליד, מקומי, טבעי"
natural,טבעי
nature,טבע
nausea,בחילה
naval,ימי
navigate,לנווט
near,קרוב
nearby,"ליד, קרוב"
necessary,הכרחי
neck,צוואר
need,"צריך, צורך"
negate,לשלול
negative,שלילי
neglect,"להזניח, הזנחה"
negligence,"הזנחה, רשלנות"
negotiate,לשאת ולתת
negotiation,משא ומתן
neighbor,שכן
neighborhood,שכונה
nervous,"עצבני, לחוץ, מתוח"
nest,"קן, לקונן"
network,רשת
neutral,ניטרלי
never,אף פעם
nevertheless,למרות זאת
new,חדש
newscaster,מגיש חדשות
newspaper,עיתון
next,הבא
next to,ליד
nickname,כינוי חיבה
no longer,לא עוד
nobility,אצולה
noble,"אציל, אצילי"
nocturnal,לילי
noise,רעש
nominated,מועמד
nonetheless,למרות זאת
norm,"נורמה, תקן"
nose,"אף, חרטום"
not only,לא רק
not to mention,שלא לדבר על
notable,נכבד
notably,ראוי לציון
note,"הערה, פתק"
note,לציין
noted,"ידוע, מפורסם"
notice,התראה
notice,לשים לב
notify,"להודיע, ליידע"
notion,"רעיון, מושג, נטיה"
novel,חדש
novel,"רומן, סיפור"
now,עכשיו
nowadays,כיום
nuclear,גרעיני
nuisance,מטרד
numb,"רדום, חסר תחושה"
number,מספר
numeric,מספרי
numerous,מרובה
nurse,אחות
nursery,חדר ילדים
nurture,"לטפח, להזין, לחנך"
nut,אגוז
nutrition,תזונה
obedience,ציות
obey,לציית
object,להתנגד
object,"פריט, אובייקט"
objective,אוביקטיבי
obligation,התחייבות
oblige,"לחייב, להכריח"
observation,אבחנה
observe,"להתבונן, להבחין"
observer,משקיף
obsession,"אובססיה, דיבוק"
obsolete,מיושן
obstacle,מכשול
obstinate,עקשן
obtain,להשיג
obviously,ברור
occasion,"אירוע, סיבה, הזדמנות"
occasional,"מדי פעם, מקרי"
occasionally,מידי פעם
occasions,"הזדמנויות, מקרים"
occupy,להעסיק
occupy,"לתפוס, לאכלס"
occur,"קרה, התרחש"
occurrence,התרחשות
ocean,אוקיינוס
octopus,תמנון
odd,אי זוגי
odd,מוזר
ode,שיר הלל
odor,"ריח, ניחוח"
of  -,"של, מ"
of course,"כמובן, בוודאי"
offend,להעליב
offender,"פושע, פוגע"
offensive,"מעליב, פוגעני"
offer,"הצעה, להציע"
official,"רשמי, מאושר"
officiate,"לכהן, לערוך"
offset,לקזז
offshore,"חו""ל"
often,לעיתים קרובות
oil,"נפט, שמן, לשמן"
old-fashioned,מיושן
olive,זית
omission,"השמטה, הזנחה"
omit,"להשמיט, להזניח"
on,על
on the contrary,בניגוד לכך
on top of,"על, מעל"
once,פעם אחת
once  -,ברגע ש
once in a while,מידי פעם
ongoing,מתמשך
onion,בצל
only,רק
open,"לפתוח, פתוח"
operate,לנתח
operate,"לפעול, להפעיל, לתפעל"
operation,"מבצע, פעולה"
operation,ניתוח
opinion,דעה
opponent,"יריב, מתנגד"
opportunity,הזדמנות
opposite,"מנוגד, ממול"
opposition,"אופוזיציה, התנגדות"
oppressive,אכזרי
oppressive,"מדכא, מעיק"
option,"אפשרות, אופציה"
or,או
orbit,"לחוג, להסתובב"
orchestra,תזמורת
orchestrate,"לתאם, לתזמר"
order,להזמין
order,לצוות
order,מסדר דתי
orderly,מסודר
ordinarily,בדרך- כלל
ordinary,רגיל
organ,איבר
organic,אורגני
organization,ארגון
organize,לארגן
orient,להתמצא
orientation,התמצאות
oriented,"מכוון, מונחה"
origin,"מקור, מוצא"
original,מקורי
originality,מקוריות
originate,"התחיל, התהווה"
ornament,קישוט
otherwise,אחרת
outbreak,התפרצות
outcome,תוצאה
outdated,מיושן
outer,חיצוני
outline,"תוואי, מתאר, קווים כלליים"
outside,בחוץ
outside,חוץ
outspoken,"מדבר גלויות, ישיר"
outstanding,"יוצא מן הכלל, מצוין"
outweigh  -,"עולה על, שוקל יותר מ"
oven,תנור בישול
over,"מחדש, שוב"
over,"על, מעל"
overall,"כולל, באופן כללי"
overcome,להתגבר
overdo,"להפריז, להגזים"
overdue,שעבר זמן ההגשה שלו
overhaul,"שיפוץ, אוברול"
overlaps,חופף
overlooked,העלים עין
overly,יותר מידי
oversee,לפקח
overtake,"לעקוף, להשיג"
overwhelm,מהמם
owe,להיות חייב
owing to  -,הודות ל
own,בעלות על משהו
own,משלו
owner,בעלים
oxygen,חמצן
pace,קצב
package,"חפיסה, חבילה"
pad,לרפד
paddle,מחבט
paddle,"משוט, דוושה"
pain,"כאב, להכאיב"
painter,צייר
painting,ציור
pair,זוג
palm,דקל
palm,כף יד
pan,מחבת
paradox,"סתירה, פרדוקס"
paragraph,פִסקה
parallel,מקביל
paramount,בעל חשיבות עליונה
pardon,"לחון, חנינה"
pardon,"סליחה, לסלוח"
parent,הורה
parenting,הורות
part,חלק
partial,חלקי
participate,השתתף
particular,"מיוחד, לא רגיל"
particularly,"במיוחד, בפרט"
particulars,פריטים
party,מסיבה
party,מפלגה
pass,"להעביר, למסור"
pass,לוותר
passion,תשוקה
passive,סביל
past,"עבר, שעבר"
path,"דרך, נתיב"
pathology,"פתולוגיה, ענף ברפואה"
patience,סבלנות
patient,חולה
patient,סבלני
patiently,בסבלנות
patients,מטופלים
pattern,דוגמה
pause,"הפסקה, להפסיק"
pay,לשלם
peace,שלום
peach,אפרסק
peddler,"רוכל, סוחר"
pedestrian,הולך רגל
peek,להציץ
penalty,קנס
people,אנשים
pepper,פלפל
per,לכל
perceive,"להבחין, לראות"
percent,אחוז
perch,"נח, ישב על ענף"
perch,ענף
perfect,"להשלים, לשפר"
perfect,מושלם
perform,"לבצע, להציג"
performance,ביצוע
performance,הופעה
performer,"מבצע, מציג"
perhaps,אולי
period,"משך זמן, מחזור"
period,נקודה
period,תקופה
permanent,קבוע
permanently,קבוע
permission,"רשות, היתר"
permit,"אישור, רישיון"
permit,להרשות
perpetually,"נצחי, לנצח"
perpetuate,להנציח
persist,"להתמיד, להתעקש"
person,אדם
personal,אישי
personality,אישיות
persuade,לשכנע
persuasion,שכנוע
pervasive,"מתפשט, מחלחל"
pet,חיית מחמד
petition,"עצומה, עתירה, לעתור"
petroleum,נפט
petty,"קטן, חסר חשיבות"
petty,קטנוני
pharmacy,בית מרקחת
phase,"שלב, דרגה"
phenomenon,תופעה
philosophy,פילוסופיה
phobia,"פוביה, פחד כרוני"
photograph,"צילום, לצלם"
physical,"פיזי, גופני"
physicist,פיזיקאי
pick,"לקטוף, לבחור"
pick,מפרט לגיטרה
picture,לדמיין
picture,"תמונה, לצלם"
piece,"חתיכה, חלק"
piece,יצירה
pigeon,יונה
pilot,טייס
pinch,לצבוט
pioneer,חלוץ
pipe,צינור
pit,בור
pivot,"ציר, לסובב על ציר"
place,"מקום, למקם"
plague,מגפה
plan,לתכנן
plan,תכנית
plane,מטוס
plane,מישור
planet,כוכב לכת
plant,"צמח, עציץ, לשתול"
plaster,טיח
plate,"צלחת, לוח"
plausible,"סביר, מתקבל על הדעת"
play,מחזה
play,"משחק, לשחק"
playwright,מחזאי
plead,"לעתור, להתחנן"
pleasure,"תענוג, לענג"
pledge,להתחייב
plentiful,"מלא, שופע"
plight,"צרה, סכנה"
plot,להכין תרשים
plot,"לזמום, לקשור קשר"
plot,עלילה
plunge,טבילה
poacher,"מסיג גבול, צייד לא מורשה"
poet,משורר
poignant,"חריף, נוקב"
poisonous,רעיל
polar,"קוטבי, הפוך לחלוטין"
pole,מוט
pole,קוטב
policy,מדיניות
polish,"להבריק, לצחצח"
polish,פולני
polite,מנומס
poll,"סקר, הצבעה"
pollution,זיהום
pool,בריכה
poor,"עני, מסכן"
poorly,בצורה גרועה
population,אוכלוסייה
populous,מאוכלס בצפיפות
portrait,דיוקן
portray,"לתאר, לצייר"
position,"מיקום, למקם"
position,תנוחה
position,"תפקיד, משרה"
possess  -,"להיות בעלים של, להחזיק ב"
possession,"בעלות, חזקה"
possible,אפשרי
post,"להציב, למנות ; עמדה, משרה, תפקיד"
post,לפרסם ; פרסום
post,לשלוח בדואר ; דואר
post,עמוד
postage,דבר דואר
posterity,הדורות הבאים
postpone,לדחות
pot,"סיר, קדרה"
potato,תפוח אדמה
potent,"חזק, בעל כוח השפעה"
potential,"אפשרי, פוטנציאלי"
pothole,"מהמורה, בור"
potter,קדר
pottery,קדרות
poultry,עוף
poverty,עוני
poverty-stricken,מוכה עוני
powerful,רב כוח
practical,מעשי
practice,"לתרגל, תרגול"
praise,לשבח
prank,מתיחה
precedent,תקדים
preceding,קודם
precious,יקר
precise,מדויק
precision,דיוק
predecessors,קודמים
predestined,נקבע מראש
predict,לצפות מראש
prediction,"חיזוי, ניבוי"
predictive,נבואי
predominantly,באופן ניכר
preferable,עדיף
pregnancy,הריון
prehistoric,"קדמון, פרה- היסטורי"
prejudice,דעה קדומה
premature,מוקדם מדי
preparation for,הכנות לקראת
prepare,התכונן
prescribe,לרשום מרשם
prescription,מרשם
presence,נוכחות
present,"הווה, נוכח, קיים"
present,להציג
present,מתנה
presentation,מצגת
presently,כעת
preserve,לשמר
preside,לנהל
president,נשיא
prestigious,יוקרתי
presume,להניח
pretend,להעמיד פנים
pretext,"אמתלה, תואנה"
prevalent,"נפוץ, שכיח, רווח"
prevent,למנוע
prevention,מניעה
previous,קודם
previously,"הקודם, לפני- כן"
prey,"טרף, לטרוף"
price,מחיר
prick,לדקור
pride,גאווה
priest,כומר
primarily,בעיקר
primary,"יסודי, עיקרי"
prime,"ראשוני, עיקרי, מובחר"
primitive,"קדום, חסר תרבות"
principal,מנהל בית ספר
principle,עיקרון
principle,עיקרי
printer,"מדפסת, דַּפָּס"
prior,קודם
prior to,"קודם ל- , לפני"
priority,עדיפות
prison,כלא
private,פרטי
privilege,"זכות יתר, פריביליגיה"
prize,פרס
probable,"סביר, מתקבל על הדעת"
probably,"כנראה, קרוב לוודאי"
probation,תקופת מבחן
probe,"לחטט, לברר, לגשש"
problem,בעיה
process,"לעכל, לעבד"
process,תהליך
produce,לייצר
produce,"תוצר, ירקות ופירות"
product,מוצר
profession,מקצוע
professional,מקצועי
profit,רווח
profitable,רווחי
profound,"מוחלט, מאוד"
profound,מעמיק
profoundly,עמוקות
program,לתכנת
program,תכניה
program,תכנית
progress,"התקדמות, להתקדם"
progressive,מתקדם ומתמשך
prohibit,"לאסור, למנוע"
project,"להשליך, להקרין"
project,לתכנן
project,"פרוייקט, מיזם"
proliferate,התפשט במהירות
prolific,"פורה, שופע"
prolong,מתמשך
prominent,"בולט, חשוב"
promise,"הבטחה, להבטיח"
promote,לקדם
promotion,קידום
prompted,הביא לידי
prone,נוטה
proof,"הוכחה, ראיה"
propaganda,תעמולה
propel,"להניע, לדחוף"
proper,"מתאים, הולם"
properly,כראוי
property,רכוש
property,תכונה
prophecy,נבואה
proponent,תומך
proportion,"שיעור, מידה"
proposal,הצעה
propose,להציע
propose,"להציע, להציע נישואין"
proposition,הצעה
prospective,"צפוי, עתידי"
prosper,לשגשג
prosperity,"צמיחה, שגשוג"
prosperous,"משגשג, מצליח"
protect,להגן
protest,"למחות, הפגנה"
prove,להוכיח
proverb,"פתגם, אמרה"
provide,לספק
provide,לפרנס
provided that  -,בתנאי ש
province,"מחוז, אזור"
provoke,"להתגרות, להסית"
prowess,"מיומנות, יכולת"
public,ציבורי
publication,הוצאה לאור
publicized,פורסם
publish,"לפרסם, להוציא לאור"
publisher,מוציא לאור
pump,"משאבה, לשאוב"
punctuate,הדגשה
punctuation,"ניקוד, פיסוק"
punish,להעניש
pupil,תלמיד
purchase,"לקנות, לרכוש"
pure,טהור
purification,טיהור
purpose,"כוונה, מטרה"
purposely,בכוונה
purse,ארנק
pursue,לרדוף
pursuit,מרדף
puzzle,"חידה, פאזל"
puzzled,מבולבל
quake,רעד
qualify,להיות מוסמך
quality,איכות
quantify,לכמת
quantity,כמות
quarrelsome,וכחני
quarter,רבע
queen,מלכה
quench,"לספק, להרוות"
query,"שאלה, חקירה"
question,להטיל ספק
question,שאלה
quick,זריז
quiet,שקט
quite,למדי
quote,ציטוט
race,גזע
race,מרוץ
radiation,קרינה
radically,באופן קיצוני
rage,זעם
raid,פשיטה
rail,"מעקה, מסילה"
railroad,מסילת רכבת
rain,גשם
rainbow,קשת
rainfall,ירידת גשמים
rainstorm,סערת גשמים
raise,להעלות
random,"מקרי, אקראי"
randomly,באקראיות
range,טווח
range,מטווח
range,רכס
rank,דרגה
rapid,"אֶשֶד, זרם מים מהיר בנהר"
rapid,מהיר
rapidly,במהירות
rare,נדיר
rarely,לעיתים נדירות
rat,עכברוש
rates,"שיעור , היקף, תעריף"
rather,למדי
rather,עדיף
rather than  -,"במקום, יותר מ"
rational,"הגיוני, רציונאלי"
rationalize,"להצדיק, להסביר"
raw,"גולמי, גס"
ray,"קרן, אלומת אור"
razor,סכין גילוח
react,להגיב
reaction,תגובה
reader,קורא
readily,ללא קושי
readiness,מוכנות
reality,מציאות
realize,הבין
reap,לקצור
rear,אחורי
rear,"לטפח, לגדל"
rearing,"גידול, טיפוח"
reason,הגיון
reason,סיבה
reasonable,הגיוני
reassurance,"הבטחה, הרגעה"
rebel,מורד
rebellion,מרד
rebellious,"סורר, מרדני"
reborn,נולד מחדש
rebuttal,"הפרכה, סתירה"
recall,"להחזיר, להשיב צלצול"
recall,להיזכר
receive,לקבל
recent,שארע לאחרונה
recently,לאחרונה
recession,מיתון
recipe,מתכון
recipient,נמען
reciprocate,הדדי
recognition,הכרה
recognize,לזהות
recollection,זיכרון
recommend,להמליץ
reconcile,להתפייס
reconstruct,לשחזר
record,להקליט
record,לתעד
record,רשומה
record,שיא
recordings,הקלטות
recover,להתאושש
recreate,"לשחזר, ליצור מחדש"
recreation,בילוי
recruit,לגייס
recruitment,גיוס
recur,קרה שוב
recurring,"חוזר, נשנה"
recycle,למחזר
recycling,מחזור
reduce,להפחית
refer,מתייחס
reference,"התייחסות, הפניה"
refined,"מעודן, מלוטש"
reflect,להרהר
reflect,"לשקף, להחזיר אור"
reflection,השתקפות
reform,"שינוי, רפורמה"
refugee,פליט
refund,החזר
refuse,"אשפה, זבל"
refuse,לסרב
refute,להפריך
regain,להשיג מחדש
regard,"להתייחס, להחשיב"
regardless,"למרות, ללא קשר"
regime,"שלטון, משטר"
region,"מחוז, אזור"
register,להירשם
registration,הרשמה
regret,"להתחרט, חרטה"
regularly,באופן קבוע
regulate,לווסת
regulation,תקנה
rehabilitation,שיקום
rehearsal,חזרה
rehearse,"לחזור, לתרגל"
reign,שלטון
reigned,"משל, שלט"
reincarnation,גלגול נשמות
reinforce,"לתגבר, לחזק"
reinvigorate,"לרענן, להמריץ מחדש"
reject,לדחות
relapse,"הדרדר, הישנות"
relate,"להתייחס, לקשר"
relating,מתייחס
relations,יחסים
relationship,מערכת יחסים
relative,יחסי
relative,קרוב- משפחה
relatively,"בקרוב, באופן יחסי"
relax,להירגע
release,לשחרר
relegated,הורד בדרגה
relevant,"רלוונטי, קשור"
reliable,"אמין, שניתן לסמוך עליו"
reliance,הסתמכות
relic,"שארית, שריד"
relieve,להקהל
religion,דת
religious,דתי
relocate,למקם מחדש
reluctant,"מסויג, לא מעוניין"
rely,להסתמך
remainder,שארית
remains,"נשאר, עדיין"
remains,שרידים
remarkable,"ראוי לציון, יוצא דופן"
remedy,תרופה
remote,מרוחק
remove,להסיר
renew,לחדש
renovate,"לחדש, לשפץ"
renown,ידוע
reorganize,לארגן מחדש
repair,לתקן
repeat,לחזור
repeat,שידור/מאורע חוזר
repelled,"דחה, הגעיל"
repetition,חזרה
replace,להחליף
replacement,מחליף
replica,העתק מדויק
reply,להשיב
report,"דיווח, לדווח"
reporter,עיתונאי
represent,"לייצג, מייצג"
repressive,מדכא
reproduce,"להתרבות, לשכפל"
reputation,"שם, מוניטין"
request,"בקשה, לבקש"
require,"לדרוש, דרישה"
rescue,להציל
research,מחקר
resemble,דומה
resent,"להתנגד, להתרעם"
reservation,שמורה
reservation,שריון מקום
reserve,לשמור
reserve,"עתודה, מילואים"
reserve,שמורה
reservoir,מאגר
residence,מגורים
resident,תושב קבע
resigned,התפטר
resist,להתנגד
resistance,"התנגדות, מחתרת"
resolve,לפתור
resolve,נחוש
resort,אתר נופש
resort,לנקוט באמצעים
resource,משאב
resourceful,בעל תושייה
respect,"כבוד, לכבד"
respectfully,בכבוד
respective,שייך בהתאמה
respectively,בהתאמה
respond,"להגיב, תגובה, תשובה"
responsibility,אחריות
responsible,אחראי
rest,"יתר, שאר"
rest,מנוחה
restaurant,מסעדה
restore,"לשקם, לשחזר"
restrain,לרסן
restrict,להגביל
restriction,הגבלה
result,תוצאה
result in  -,הסתיים ב
resume,להמשיך
resumption,חידוש
resurgence,תחייה
retain,"להחזיק, לשמור"
retire,לפרוש
retirement,פרישה
retreat,"לסגת, נסיגה"
retrieve,להשיב
retroactive,"רטרואקטיבי, למפרע"
reveal,לחשוף
revenue,"הכנסה, רווח"
review,ביקורת
review,"לסקור, סקירה"
revise,"לתקן, לשפר"
revision,בדיקה מחדש לצורך שיפור
revitalize,להחיות
revived,"קם לתחייה, התחדש"
revoke,"לבטל, לשלול"
revolt,מרד
revolution,מהפכה
reward,"פרס, לתגמל"
rhyme,חרוז
rhythm,קֶצֶב
rice,אורז
rich,עשיר
ride,"רכיבה, לרכוב"
ridicule,ללעוג
ridiculous,מגוחך
right,זכות
right,ימינה
rigid,"נוקשה, מחמיר"
rim,שפה
ring,זירה
ring,טבעת
rise,"עליה, לעלות"
rising,זריחה
rising,עולה
risk,"סיכון, לסכן"
ritual,"טקס, פולחן"
rival,יריב
rivalry,יריבות
river,נהר
road,דרך
roast,"לקלות, צלי"
robbery,שוד
robe,חלוק
rocket,טיל
rodent,מכרסם
role,תפקיד
roof,גג
root,שורש
rope,חבל
rotary,נע על ציר סיבובי
rough,"קשה, מחוספס"
route,"מסלול, דרך"
rub,לשפשף
rubber,גומי
rubbish,זבל
rubbish,שטויות
rudimentary,"יסודי, בסיסי"
ruin,להרוס
ruins,"הריסות, עיי חורבות"
rule,"כלל, חוק, שלטון"
rule,"לשלוט, לפסוק, להחליט"
ruler,"מושל, שליט"
ruler,סרגל
rumor,שמועה
rural,כפרי
sacred,קדוש
sacrifice,"להקריב, קורבן"
safe,בטוח
safety,בטיחות
saga,"סיפור, סאגה"
sailor,ימאי
sake,"תועלת, עניין"
salary,שכר
salt,מלח
salvation,"ישועה, גאולה"
sample,דוגמית
sanction,"קנס, עונש, עידוד"
sarcophagus,ארון קבורה קדום
satellite,לווין
satisfaction,שביעות רצון
satisfy,"לרצות, לספק"
saturated,רווי
savanna,"ערבה, סוואנה"
save,לשמור
saw,מסור
scale,"לעלות, לטפס"
scale,מאזניים
scale,"סולם, סקלה"
scan,"סריקה, לסרוק"
scarce,נדיר
scare,"פחד, להפחיד"
scatter,לפזר
scene,זירה
scene,סצנה
scenery,נוף
schedule,לוח זמנים
scholar,"אקדמאי, בעל מלגה, מלומד"
school,בית- ספר
science,מדע
scientist,מדען
score,לזכות בניקוד
score,"לחתוך, לחרוץ"
score,תוצאה
scorn,"לבוז, לזלזל, מנודה"
screen,לסנן
screen,לסרוק
screen,"מסך, צג, וילון"
script,תסריט
scrutinize,"בדק, בחן"
sculpture,פסל
seafood,פירות ים
search,"חיפוש, לחפש"
season,לתבל
season,עונה
seat,"מושב, להושיב"
secret,סוד
section,"יחידה, חלק"
secular,חילוני
secure,"להבטיח, לשמור, להגן"
sedative,"סם הרגעה, משכך"
seeds,זרעים
seek,לבקש
seem  -,"נראה כ- , דומה ל"
segment,"קטע, מקטע"
segregation,הפרדה
seizure,התקף
seldom,לעיתים רחוקות
select,לבחור
selective,סלקטיבי
self-confidence,בטחון- עצמי
self-indulgence,סיפוק- עצמי
sell,למכור
send,לשלוח
senior,בכיר
senior,זקן
sensation,תחושה
sensations,חדשות מרעישות
sense,"היגיון, תודעה"
sense,"חוש, לחוש"
sensible,נבון
sensitive,רגיש
sensitivity,רגישות
sentence,גזר דין
sentence,משפט
sentiments,רגשות
separately,בנפרד
separation,הפרדה
sequel,המשך
sequence,רצף
series,סדרה
serious,"רציני, חמור"
servant,משרת
serve,"להגיש, לשרת"
serve,לשרת
service,שירות
session,מושב
set up,"להרכיב, לארגן, לסדר"
settle,להסדיר
settle,להתיישב
several,"אחדים, כמה"
severe,חמור
shadow,"צל, להאפיל"
share,לחלוק
share,מניה
sharp,חד
shatter,"לנפץ, להרוס, לקעקע"
shave,"גילוח, לגלח"
sheer,"מוחלט, לחלוטין"
sheer,"משופע, תלול"
sheer,שקוף
sheet,דף
sheet,סדין
shell,פגז
shell,"קליפה, מעטפת"
shelter,מקלט
shepherd,רועה צאן
shield,"מגן, להגן"
shift,להזיז
shift,משמרת
shingles,רעף
shiny,"נוצץ, בוהק"
ship,אוניה
ship,לשלוח
shipment,משלוח
shop,חנות
shop,לקנות
short,קצר
shortage,מחסור
shortly,"בקיצור, בקרוב"
shoulder,כתף
show,הופעה
show,להראות
shrink,"לכווץ , כיווץ"
shroud,"תכריך, עטיפה"
shuttle,מעבורת
shy,ביישן
side,"צד, לצודד, לתמוך"
side effect,תופעת לוואי
sideways,הצידה
sight,"ראייה, כוונת"
sighting,"תצפית, מראה"
sign,לחתום
sign,"סימן, לסמן"
signal,"אות, סימן, לאותת"
signature,חתימה
significance,"משמעות, חשיבות"
significant,משמעותי
significantly,באופן משמעותי
silent,"דומם, שקט"
silently,בשקט
silk,משי
silkworm,תולעת משי
silver,"כסף, כסוף"
similar,דומה
similarly,באופן דומה
simple,פשוט
simplicity,פשטות
simplify,לפשט
simply,בפשטות
simulate,"לדמות, לחקות"
simultaneously,בו זמנית
sin,חטא
since,מאז
since  -,מכיוון ש
sincerity,כנות
singer,זמר
single,יחיד
single,רווק
sink,כיור
sink,לשקוע
sir,"אדון, תואר אצולה אנגלי"
situation,"מצב, סיטואציה"
size,גודל
skepticism,ספקנות
sketch,"שרטוט, איור, סקיצה"
skill,"יכולת, מיומנות"
skin,עור
skinned,פשט עור
sky,"שמיים, רקיע"
skyrocket,להאמיר
skyscraper,גורד שחקים
slander,"השמצה, להשמיץ"
slant,"אלכסון, נטייה"
slate,להכניס מישהו לרשימה
slate,"רעף, לוח"
slaughter,"לטבוח, לשחוט, טֶבַח"
slaughterhouse,בית מטבחיים
slave,עבד
slavery,עבדות
sleep,לישון
sleep,שינה
slender,רזה
slight,"קל, מעט"
slope,"שיפוע, מדרון"
slow,"איטי, לאט"
slow down,להאט
smog,ערפיח
smoke,"עשן, לעשן"
snake,נחש
snap,להישבר
snarl,"לרטון, לנחור"
sneeze,להתעטש
snicker,גיחוך
snow,שלג
so,"אז, כך ש- , ולכן"
so,"כל- כך, מאוד"
so long as,כל עוד
so that  -,כך ש
soar,להמריא
sober,פיכח
soccer,כדורגל
social,חברתי
soil,אדמה
soil,לכלוך
sold,מכר
soldier,חייל
solely,"בלבד, רק"
solicit,לבקש/לחפש בתחינה
solicit,לשדל / להדיח
solitary,מבודד
solitude,בדידות
solution,פתרון
solve,לפתור
sometimes,"לעיתים, לפעמים"
soon,"בהקדם, מוקדם"
sophisticated,מתוחכם
sorrow,"עצב, צער"
sort,למיין
soul,נשמה
sound,בריא
sound,קול
source,מקור
southern,דרומי
space,חלל
space,רווח
spacious,מרווח
span,"להימתח, להקיף"
span,מרווח
spare,"מיותר, עודף"
spark,"גיץ, ניצוץ"
speaker,דובר
special,מיוחד
specialize,להתמחות
species,"מין, זן"
specifically,במיוחד
specify,לפרט
speck,כתם
spectacular,מדהים
spectator,"צופה, משקיף"
speech,דיבור
speed,מהירות
spell,"איות, לאיית"
spell,"כישוף, קסם"
spend,"לבזבז, לפזר"
spend,"לבלות, להעביר"
sperm,זרע
spewing,להזרים
spice,"תבלין, לתבל"
spicy,פיקנטי
spider,עכביש
spike,יתד
spill,לשפוך
spinach,תרד
spirit,"כוונה, רוח הדברים"
spirit,"רוח רפאים, נפש"
spiritual,רוחני
splendid,"נהדר, מהולל"
splendor,פאר
spoil,"לבזוז, שלל"
spoil,להרוס
spoil,לפנק
spoil,לקלקל
sponsor,נותן חסות
spontaneous,ללא מחשבה
spontaneously,ללא תכנון
spot,כתם
spot,לזהות
spotlight,זרקור
sprang,נבע
spray,"לרסס, לפזר"
spread,"התפשטות, פיזור"
spread,"ממרח, למרוח"
spring,אביב
spring,מעיין
spy,"מרגל, לרגל"
square,כיכר
square,ריבוע
stability,יציבות
stabilize,לייצב
stable,יציב
stack,ערמה
stadium,אצטדיון
stage,"במה, לביים"
stain,כתם
staircase,גרם מדרגות
stalk,"לעקוב, להטריד"
stamina,"כושר עמידה, סיבולת"
stamp,"בול, חותמת"
stand,לעמוד
standard,"רמה, תקן, מקובל"
standardize,לתקנן
staple,להדק
star,"כוכב, לככב"
stark,"בוטה, מוחלט, גמור"
stark,"שומם, עזוב"
start,להתחיל
starve,לרעוב
state,מדינה
state,מצב
statement,הצהרה
station,להציב
station,תחנה
statue,פסל
staunch,"חזק, מוצק"
staunch,"לעצור, לחסום"
steady,"קבוע, יציב"
steal,לגנוב
steam,"אד, לאדות"
steamship,אוניית קיטור
steel,פלדה
stem,גזע
step,"צעד, לצעוד"
stereotype,סטריאוטיפ
sticky,דביק
stiff,נוקשה
still,"נייח, דומם, שקט"
still,"עדיין, למרות זאת"
stimulate,"לעורר, להמריץ"
stock,לאחסן
stock,מלאי
stock,מניה
stomach,"בטן, קיבה"
stone,אבן
storage,אחסון
store,"חנות, לאחסן"
store,לאחסן
storm,סערה
stove,"תנור, כיריים"
straighten,ליישר
straightforward,ישיר
strain,"להתאמץ, למתוח, לנקוע"
strain,מתח נפשי
strange,מוזר
strategy,אסטרטגיה
stream,"לזרום, נחל, זרם"
strength,חוזק
strengthen,לחזק
stress,להדגיש
stress,"מתח, לחץ, מצוקה"
stricken,מוכה
strict,נוקשה
stride,"צעד, לצעוד"
strife,"מאבק, עימות"
strike,"הכה, התקיף"
strike,שביתה
stripes,פסים
strive,לשאוף
stroke,ליטוף
stroke,מכה
stroke,שבץ/אירוע מוחי
strong,חזק
stronghold,מאחז
structure,"מבנה, לבנות"
struggle,"מאבק, מאמץ"
stubborn,עקשן
stuck,תקוע
studio,סטודיו
study,חדר עבודה
study,מחקר
stuff,דברים
stuff,"למלא, לפחלץ"
stumble,למעוד
stunned,"נדהם, היה המום"
stunt,פעלול
stupid,טיפש
subdue,להכניע
subject,"למסור, להעביר לבעלות אחר"
subject,נושא
subject,"נתין, אזרח, אדם"
subject  -,"נתון ל- , בכפוך ל"
subjective,"אישי, משוחד בדעתו"
submit,להגיש
submit,להיכנע
subsequent,עוקב
subsequently,כתוצאה מכך
substance,"חומר, תוכן"
substitute,תחליף
subtle,מעודן
suburban,פרברי
succeed,הצליח
success,הצלחה
successor,יורש
such as,כמו למשל
suddenly,לפתע
suffer,לסבול
sufficient,מספיק
sugar,סוכר
suggest,להציע
suicide,התאבדות
suitable,"ראוי, מתאים, יאה"
sum,"סכום, סך, לסכם"
sum up,לסכם
summarize,לסכם
summary,"סיכום, תמצית"
summer,קיץ
summits,פסגות
sundown,שקיעה
sunlight,אור יום
superficial,שטחי
superfluous,"מיותר, עודף"
superior,עליון
supervise,לפקח
supplement,תוסף
supply,אספקה
support,"תמיכה, לתמוך"
supportive,תומך
suppression,דיכוי
supreme,עליון
surely,ללא ספק
surface,פני שטח
surgery,ניתוח
surpass,"להצטיין, לעלות על"
surprise,הפתעה
surprisingly,במפתיע
surrender,להיכנע
surround,להקיף
surrounding,"מקיף, סובב"
surveillance,מעקב
survey,"לבחון, לסקור"
survey,סקר
survival,הישרדות
survive,לשרוד
susceptible,רגישות
suspect,לחשוד
suspend,להשעות
suspense,"השהיה, מתח"
sustain,להמשיך באותה צורה
sustain,לתמוך
sustain  -,סבל מ
swallow,לבלוע
sweep,לטאטא
sweet,"מתוק, ממתק"
swept away,נסחף
swift,מהיר
swindler,רמאי
swing,"לנדנד, נדנדה"
switch,להחליף
switch,מתג
sword,חרב
syllable,הברה
symbol,סמל
symbolize,לסמל
symmetry,"סימטריה, התאמה"
sympathetic,אוהד
symptom,סימפטום
syndrome,תסמונת
syrup,סירופ
system,מערכת
system,שיטה
tact,טקט
taint,"להכתים, להכפיש"
taint,לזהם
tainted,"מוכתם, מזוהם"
take place,התרחש
tale,"סיפור, אגדה"
talent,כשרון
tame,"לאלף, לבית"
target,מטרה
task,משימה
taste,"טעם, לטעום"
tax,מס
team,צוות
temple,מקדש
temporary,זמני
tempt,לפתות
tend,נוטה
tendency,נטייה
tender,רך
tension,מתח
tent,אוהל
tentative,"ניסיוני, טנטטיבי"
terminate,"לסיים, לחסל"
terms,מונחים
terms,תנאים
terrain,שטח
terrify,"להפחיד, להבעית"
territory,"תחום, שטח"
testify,להעיד
texture,"מרקם, טקסטורה"
thank,"תודה, להודות"
thanks to  -,תודות ל
theater,בית קולנוע
theater,תיאטרון
theme,נושא
then,אז
theoretically,"תיאורטית, לכאורה"
theory,תיאוריה
there,שם
thereby  -,"ולכן, גרם ל"
therefore,לכן
thick,סמיך
thick,עבה
thief,גנב
though,למרות זאת
though  -,למרות ש
thousand,אלף
threat,איום
threaten,לאיים
thriller,מותחן
thrive,לשגשג
through,"דרך, מבעד"
throughout,"במשך, בכל"
throw,"לזרוק, זריקה"
thus  -,"לכן, כך ש"
ticket,כרטיס
tie,"לקשור, קשר"
tie,עניבה
tight,"הדוק, לחוץ, צמוד"
tilt,"להטות, שיפוע"
timber,עץ
time,זמן
timeline,ציר זמן
timid,ביישן
tin,"בדיל, עשוי מפח"
tiny,קטנטן
title,כותרת
to begin with,בתור התחלה
to sum up,כדי לסכם
toad,קרפדה
toes,בהונות
together with,יחד עם
tolerance,סובלנות
tolerate,לסבול
tomb,קבר
tone,טון
tongue,לשון
too,גם
too,יותר מידי
topic,נושא
tormented,"לייסר, לענות"
totally,לחלוטין
touch,"מגע, לגעת"
tour,סיור
tourist,תייר
toward,"אל, אל עבר"
tower,מגדל
town,"עיר, עיירה"
toxic,רעיל
trace,"לעקוב, למצוא"
trace,"סימן, עִקְבָה"
track,לעקוב
trade,להחליף
trade,"לסחור, מסחר"
tradition,מסורת
traffic,תנועה
traffic jam,פקק תנועה
train,"להכשיר, לאמן"
train,רכבת
trait,תכונה
tranquilize,"להרגיע, להרדים"
transaction,עסקה
transcend,להתעלות
transcript,"תמליל, פרוטוקול"
transfer,העברה
transfer,להעביר
transform,לשנות צורה
transition,"מעבר, שינוי"
translate,לתרגם
translator,מתרגם
transmit,לשדר
transmitter,משדר
transparent,שקוף
transplant,לשתול
transport,הובלה
transport,להוביל
transportation,תחבורה
trap,מלכודת
treasure,"אוצר, לנצור"
treat,להתייחס
treat,לפנק
treat,"פינוק, ממתק"
treatment,טיפול
treaty,"אמנה, הסכם, חוזה"
trial,משפט
trial,נסיון
tribe,שבט
trigger,הדק
triggered  -,"גרם, עורר, הוביל ל"
trim,לגזום
trip,טיול
trip,למעוד
triumph,ניצחון
tropical,טרופי
truck,"משאית, קרון משא"
truly,באמת
trust,"אמון, לבטוח"
truth,אמת
tube,צינור
turn,"לפנות, סיבוב"
tutor,"מורה פרטי, להדריך"
twig,"ענף קטן, זרד"
twins,תאומים
twist,"סיבוך, סיבוב"
type,להקליד
type,סוג
typically,אופייני
ugly,מכוער
ultimate,"מוחלט, סופי"
unattractive,לא מושך
unaware,לא מודע
unbearable,בלתי נסבל
unbelievable,לא יאמן
uncertain,לא בטוח
uncharted,לא מתועד
uncle,דוד
unclear,לא ברור
unconcerned,לא מודאג
unconscious,מחוסר הכרה
unconventional,לא שיגרתי
uncountable,אינספור
uncover,"לחשוף, לגלות"
uncritical,לא ביקורתי
under,מתחת
underestimate,"הערכה נמוכה, לזלזל"
undergo,"לעבור, להתנסות, לחוות"
underlies  -,"מונח ביסוד, נמצא מתחת ל"
underneath,מתחת
understand,להבין
undertake,לקחת על עצמך
undoubtedly,ללא ספק
unearth,"לחשוף, לחפור"
unemployed,מובטל
unexplored,"לא נחקר, לא נבדק"
unfair,לא הוגן
unfamiliar,לא מוכר
unfold,לפתוח קיפול
unfold,"נפרש, נפתח, התגלה"
unforgettable,בלתי נשכח
unfortunate,מצער
unfortunately,למרבה הצער
unholy,"לא קדוש, לא מוסרי"
uniform,אחיד
uniform,מדים
unify,לאחד
unimaginable,בלתי נתפס
union,"איגוד, איחוד"
unique,מיוחד
universe,יקום
unjust,לא צודק
unless,אלא אם כן
unlike,שלא כמו
unlock,"לפתוח, לשחרר"
unnecessary,לא הכרחי
unofficial,בלתי רשמי
unorganized,לא מאורגן
unpardonable,בלתי נסלח
unrealistic,לא מציאותי
unrest,חוסר שקט
unsafe,לא בטוח
unstable,לא יציב
until  -,עד ש
until now,עד עתה
unusual,"בלתי רגיל, יוצא דופן"
unwanted,לא רצוי
unwilling,"לא מוכן, ממאן"
up,למעלה
upbringing,"גידול, חינוך"
update,"עדכון, לעדכן"
upgrade,לשדרג
upheaval,מהפך
uphold,"להחזיק, לתמוך, לדגול"
upholstery,ריפוד
upon,על
uprising,"התקוממות, מרד"
uproar,"רעש, מהומה"
upside down,הפוך
urban,עירוני
urge,"לעודד, לדחוף ; דחף, רצון, תשוקה"
urgent,דחוף
urine,שתן
use,להשתמש
use,לנצל
use,"תועלת, תכלית"
useful,שימושי
useless,חסר תועלת
usher,סדרן
using up,"לכלות, לנצל עד תום"
usual,רגיל
usually,בדרך- כלל
utilize,השתמש
utter,"לבטא, להגות"
vacant,"פנוי, ריק"
vacation,חופשה
vaccine,חיסון
vagueness,"עמימות, ערפול"
vain,לשווא
vain,שחצן
valid,תקף
validate,"אימת, נתן תוקף"
valley,עמק
valuable,יקר ערך
value,"ערך, להעריך"
valve,שסתום
vanish,להיעלם
variable,משתנה
variation,"שינוי, וריאציה"
variety,"מבחר, מגוון"
various,מגוון
vary,משתנה
vast,גדול
vegetable,ירק
vegetarian,צמחוני
vehicle,כלי רכב
venture,סיכון
veracity,"יושר, הגינות"
verbal,"ורבלי, מילולי"
verdict,"פסק דין, פסיקה"
verify,"לוודא, לאמת"
versions,גרסאות
vertebrate,בעל חוליות
vertical,מאונך
vessel,כלי שיט
vest,אפודה
veteran,ותיק
veteran,"חייל משוחרר, יוצא צבא"
via,דרך
vice versa,להיפך
victim,קורבן
victory,ניצחון
view,לראות
view,"נוף, שדה ראיה"
viewer,צופה
vigorously,במרץ
village,כפר
villain,"רשע, נבל"
vinegar,חומץ
violate,"להפר, לחלל"
violation,"עבירה, הפרה"
violence,אלימות
violent,אלים
viper,צפע
virtual,"מדומה, וירטואלי"
virtually,"למעשה, בעצם"
virtue,מעלה
visit,לבקר
visitor,"אורח, מבקר"
visual,חזותי
visualize,לדמיין
vital,חיוני
vivid,"חד, בהיר, ססגוני, שופע"
vocabulary,אוצר מילים
vocation,מקצוע
vociferous,רעשני
voice,"קול, להשמיע קול"
volume,כרך
volume,נפח
volume,עוצמת קול
volunteer,"להתנדב, מתנדב"
vote,"קול, הצבעה, להצביע"
voyage,מסע
vulnerable,פגיעות
wage,"לערוך, לנהל"
wage,משכורת
wagon,עגלה
wait,"להמתין, המתנה"
wall,קיר
wander,"להסתובב, לשוטט"
want,לרצות
wanted,מבוקש
war,מלחמה
ward,מחלקה
warfare,לוחמה
warmth,חום
warn,להזהיר
warning,אזהרה
warrior,לוחם
wart,יבלת
wasp,צרעה
waste,"בזבוז, לבזבז"
waste,הפסולת
watch,"להסתכל, להשגיח"
watch,שעון
waterfall,מפל
wave,גל
way,דרך
weaken,להחליש
wealth,עושר
wealthy,עשיר
weapon,נשק
wear,ללבוש
weather,מזג אוויר
weave,"לטוות, לארוג"
wedding,חתונה
weekend,סוף שבוע
weigh,לשקול
weight,משקל
welfare,סעד
well,באר
well,בריא
well,"טוב, היטב"
whale,לוויתן
what,"מה, איזה"
wheat,חיטה
when  -,"כאשר, כש"
whenever,"כש- , מתישהו"
where,"היכן, איפה"
where  -,בעוד ש
whereas  -,בעוד ש
wherever,"בכל מקום, לא משנה היכן"
which,איזה
which  -,"אשר, ש"
while,כל עוד
while  -,בזמן ש
whistle,"משרוקית, לשרוק"
who  -,"מי, ש"
wholesale,סיטונאות
whom,מי
whose,"אשר לו, אשר הוא"
why,מדוע
wickedly,ברשעות
wide,רחב
widely,בצורה נרחבת
widen,להרחיב
widespread,נפוץ
wife,"אישה, רעיה"
wild,"פראי, טבע"
wilderness,"ערבה, שממה"
wildlife,חיות בר
willing,מוכן
win,"ניצחון, לנצח"
wind,למתוח
wind,רוח
wine,יין
wing,כנף
winter,חורף
wisdom,"חכמה, בינה"
wise,"חכם, פיקח"
wish,"משאלה, לבקש"
with,"באמצעות, עם"
withdraw,"לסגת, לפרוש"
withhold,"לעכב, לעצור, לא לתת"
within,בתוך
without,"מבלי, ללא"
withstand  -,"להתמודד, לעמוד ב"
witness,"עד, להעיד"
wonder,"לתהות, להטיל ספק"
wonder,פלא
wonderful,נפלא
wood,עץ
woods,יער
wool,צמר
work,"עבודה, לעבוד"
worldwide,"כלל עולמי, בכל העולם"
worm,תולעת
worry,"דאגה, לדאוג"
worse,גרוע יותר
worthy,ראוי
wound,"מתוח, נמתח"
wound,פצע
wrap,"לעטוף, מעטפת"
writer,סופר
wrought,"מעוצב, מחושל"
yawn,"לפהק, פיהוק"
yet,"אך, אולם"
yet,"עדיין, בכל זאת"
yield,"להיכנע, לוותר, לסגת"
yield,"להניב, להפיק"
young,צעיר
zealot,"קנאי, פנט"
zone,אזור
zoo,גן חיות
